CompoundName,smiles_std,vDILI-Concern,dili_label
Dobutamine hydrochloride,CC(CCc1ccc(O)cc1)NCCc1ccc(O)c(O)c1,vNo-DILI-concern,0
Streptomycin sulfate,CNC1C(OC2C(OC3C(O)C(O)C(N=C(N)N)C(O)C3N=C(N)N)OC(C)C2(O)C=O)OC(CO)C(O)C1O,vNo-DILI-concern,0
Gadoterate meglumine,O=C(O)CN1CCN(CC(=O)O)CCN(CC(=O)O)CCN(CC(=O)O)CC1,vNo-DILI-concern,0
Gadoteridol,CC(O)CN1CCN(CC(=O)O)CCN(CC(=O)O)CCN(CC(=O)O)CC1,vNo-DILI-concern,0
Gadoversetamide,COCCNC(=O)CN(CCN(CCN(CC(=O)O)CC(=O)NCCOC)CC(=O)O)CC(=O)O,vNo-DILI-concern,0
Gadoxetate disodium,CCOc1ccc(CC(CN(CCN(CC(=O)O)CC(=O)O)CC(=O)O)N(CC(=O)O)CC(=O)O)cc1,vNo-DILI-concern,0
Rimantadine hydrochloride,CC(N)C12CC3CC(CC(C3)C1)C2,vNo-DILI-concern,0
Rimegepant sulfate,NC1c2cccnc2C(OC(=O)N2CCC(n3c(=O)[nH]c4ncccc43)CC2)CCC1c1cccc(F)c1F,vNo-DILI-concern,0
Ospemifene,OCCOc1ccc(C(=C(CCCl)c2ccccc2)c2ccccc2)cc1,vNo-DILI-concern,0
Riociguat,COC(=O)N(C)c1c(N)nc(-c2nn(Cc3ccccc3F)c3ncccc23)nc1N,vNo-DILI-concern,0
Cyanocobalamin,CC1=C2N=C(C=C3NC(=C(C)C4=NC(C)(C5N=C1C(C)(CCC(=O)NCC(C)OP(=O)(O)OC1C(CO)OC([n+]6c[nH]c7cc(C)c(C)cc76)C1O)C5CC(N)=O)C(C)(CC(N)=O)C4CCC(=N)[O-])C(C)(CC(N)=O)C3CCC(=N)O)C(C)(C)C2CCC(=N)O,vNo-DILI-concern,0
Cupric chloride,[Cl][Cu][Cl],vNo-DILI-concern,0
Risdiplam,Cc1cn2nc(-c3cc(=O)n4cc(N5CCNC6(CC6)C5)ccc4n3)cc(C)c2n1,vNo-DILI-concern,0
Gallium dotatate ga-68,CC(O)C(NC(=O)C1CSSCC(NC(=O)C(Cc2ccccc2)NC(=O)CN2CCN(CC(=O)O)CCN(CC(=O)O)CCN(CC(=O)O)CC2)C(=O)NC(Cc2ccc(O)cc2)C(=O)NC(Cc2c[nH]c3ccccc23)C(=O)NC(CCCCN)C(=O)NC(C(C)O)C(=O)N1)C(=O)O,vNo-DILI-concern,0
Cosyntropin,CSCCC(NC(=O)C(CO)NC(=O)C(Cc1ccc(O)cc1)NC(=O)C(N)CO)C(=O)NC(CCC(=O)O)C(=O)NC(Cc1c[nH]cn1)C(=O)NC(Cc1ccccc1)C(=O)NC(CCCNC(=N)N)C(=O)NC(Cc1c[nH]c2ccccc12)C(=O)NCC(=O)NC(CCCCN)C(=O)N1CCCC1C(=O)NC(C(=O)NCC(=O)NC(CCCCN)C(=O)NC(CCCCN)C(=O)NC(CCCNC(=N)N)C(=O)NC(CCCNC(=N)N)C(=O)N1CCCC1C(=O)NC(C(=O)NC(CCCCN)C(=O)NC(C(=O)NC(Cc1ccc(O)cc1)C(=O)N1CCCC1C(=O)O)C(C)C)C(C)C)C(C)C,vNo-DILI-concern,0
Cortisone acetate,CC(=O)OCC(=O)C1(O)CCC2C3CCC4=CC(=O)CCC4(C)C3C(=O)CC21C,vNo-DILI-concern,0
Corticotropin,CSCCC(NC(=O)C(CO)NC(=O)C(Cc1ccc(O)cc1)NC(=O)C(N)CO)C(=O)NC(CCC(=O)O)C(=O)NC(Cc1cnc[nH]1)C(=O)NC(Cc1ccccc1)C(=O)NC(CCCNC(=N)N)C(=O)NC(Cc1c[nH]c2ccccc12)C(=O)NCC(=O)NC(CCCCN)C(=O)N1CCCC1C(=O)NC(C(=O)NCC(=O)NC(CCCCN)C(=O)NC(CCCCN)C(=O)NC(CCCNC(=N)N)C(=O)NC(CCCNC(=N)N)C(=O)N1CCCC1C(=O)NC(C(=O)NC(CCCCN)C(=O)NC(C(=O)NC(Cc1ccc(O)cc1)C(=O)N1CCCC1C(=O)NC(CC(N)=O)C(=O)NCC(=O)NC(C)C(=O)NC(CCC(=O)O)C(=O)NC(CC(=O)O)C(=O)NC(CCC(=O)O)C(=O)NC(CO)C(=O)NC(C)C(=O)NC(CCC(=O)O)C(=O)NC(C)C(=O)NC(Cc1ccccc1)C(=O)N1CCCC1C(=O)NC(CC(C)C)C(=O)NC(CCC(=O)O)C(=O)NC(Cc1ccccc1)C(=O)O)C(C)C)C(C)C)C(C)C,vNo-DILI-concern,0
Corticorelin ovine triflutate,CCC(C)C(NC(=O)C(CC(=O)O)NC(=O)C(CC(C)C)NC(=O)C(CC(C)C)NC(=O)C(CCCCN)NC(=O)C(CCCNC(=N)N)NC(=O)C(CC(N)=O)NC(=O)C(CO)NC(=O)C(Cc1cnc[nH]1)NC(=O)C(C)NC(=O)C(CCC(N)=O)NC(=O)C(CCC(N)=O)NC(=O)C(C)NC(=O)C(CC(C)C)NC(=O)C(CCC(N)=O)NC(=O)C(CC(=O)O)NC(=O)C(C)NC(=O)C(CCCCN)NC(=O)C(NC(=O)C(CCSC)NC(=O)C(CCC(=O)O)NC(=O)C(CC(C)C)NC(=O)C(NC(=O)C(CCC(=O)O)NC(=O)C(CCCNC(=N)N)NC(=O)C(CC(C)C)NC(=O)C(CC(C)C)NC(=O)C(Cc1cnc[nH]1)NC(=O)C(Cc1ccccc1)NC(=O)C(NC(=O)C(CC(C)C)NC(=O)C(CC(=O)O)NC(=O)C(CC(C)C)NC(=O)C(CO)NC(=O)C(NC(=O)C1CCCN1C(=O)C1CCCN1C(=O)C(CCC(=O)O)NC(=O)C(CCC(N)=O)NC(=O)C(N)CO)C(C)CC)C(C)O)C(C)C)C(C)O)C(=O)NC(C)C(N)=O,vNo-DILI-concern,0
Copanlisib dihydrochloride,COc1c(OCCCN2CCOCC2)ccc2c3n(c(=NC(=O)c4cnc(N)nc4)nc12)CCN3,vNo-DILI-concern,0
Conivaptan hydrochloride,Cc1nc2c([nH]1)CCN(C(=O)c1ccc(NC(=O)c3ccccc3-c3ccccc3)cc1)c1ccccc1-2,vNo-DILI-concern,0
Colistimethate sodium,CCC(C)CCCCC(=O)NCCC1NC(=O)C(CC(C)C)NC(=O)C(CCN)NC(=O)C(CC(C)C)NC(=O)C(CCN)NC(=O)C(CCN)NC(=O)C(CCN)NC(=O)C(C(C)O)NC1=O,vNo-DILI-concern,0
Gallium ga-68 edotreotide,CC(O)C(CO)NC(=O)C1CSSCC(NC(=O)C(Cc2ccccc2)NC(=O)CN2CCN(CC(=O)O)CCN(CC(=O)O)CCN(CC(=O)O)CC2)C(=O)NC(Cc2ccc(O)cc2)C(=O)NC(Cc2c[nH]c3ccccc23)C(=O)NC(CCCCN)C(=O)NC(C(C)O)C(=O)N1,vNo-DILI-concern,0
Rifamycin sodium,COC1C=COC2(C)Oc3c(C)c(O)c4c(O)c(cc(O)c4c3C2=O)NC(=O)C(C)=CC=CC(C)C(O)C(C)C(O)C(C)C(OC(C)=O)C1C,vNo-DILI-concern,0
Gadopentetate dimeglumine,O=C(O)CN(CCN(CC(=O)O)CC(=O)O)CCN(CC(=O)O)CC(=O)O,vNo-DILI-concern,0
Gadofosveset trisodium,O=C(O)CN(CCN(CC(=O)O)CC(COP(=O)(O)OC1CCC(c2ccccc2)(c2ccccc2)CC1)N(CC(=O)O)CC(=O)O)CC(=O)O,vNo-DILI-concern,0
Remimazolam besylate,COC(=O)CCC1N=C(c2ccccn2)c2cc(Br)ccc2-n2c(C)cnc21,vNo-DILI-concern,0
Ramelteon,CCC(=O)NCCC1CCc2ccc3c(c21)CCO3,vNo-DILI-concern,0
Folic acid,Nc1nc2ncc(CNc3ccc(C(=O)NC(CCC(=O)O)C(=O)O)cc3)nc2c(=O)[nH]1,vNo-DILI-concern,0
Pafolacianine sodium,CC1(C)C(=CC=C2CCCC(C=CC3=[N+](CCCCS(=O)(=O)O)c4ccc(S(=O)(=O)[O-])cc4C3(C)C)=C2Oc2ccc(CC(NC(=O)c3ccc(NCc4cnc5nc(N)[nH]c(=O)c5n4)cc3)C(=O)O)cc2)N(CCCCS(=O)(=O)O)c2ccc(S(=O)(=O)O)cc21,vNo-DILI-concern,0
Deoxycholic acid,CC(CCC(=O)O)C1CCC2C3CCC4CC(O)CCC4(C)C3CC(O)C12C,vNo-DILI-concern,0
Ranolazine,COc1ccccc1OCC(O)CN1CCN(CC(=O)Nc2c(C)cccc2C)CC1,vNo-DILI-concern,0
Regadenoson,CNC(=O)c1cnn(-c2nc(N)c3ncn(C4OC(CO)C(O)C4O)c3n2)c1,vNo-DILI-concern,0
Oxytocin,CCC(C)C1NC(=O)C(Cc2ccc(O)cc2)NC(=O)C(N)CSSCC(C(=O)N2CCCC2C(=O)NC(CC(C)C)C(=O)NCC(N)=O)NC(=O)C(CC(N)=O)NC(=O)C(CCC(N)=O)NC1=O,vNo-DILI-concern,0
Deflazacort,CC(=O)OCC(=O)C12N=C(C)OC1CC1C3CCC4=CC(=O)C=CC4(C)C3C(O)CC12C,vNo-DILI-concern,0
Fosdenopterin hydrobromide,Nc1nc2c(c(=O)[nH]1)NC1C(N2)OC2COP(=O)(O)OC2C1(O)O,vNo-DILI-concern,0
Oxymorphone hydrochloride,CN1CCC23c4c5ccc(O)c4OC2C(=O)CCC3(O)C1C5,vNo-DILI-concern,0
Gadobutrol,O=C(O)CN1CCN(CC(=O)O)CCN(C(CO)C(O)CO)CCN(CC(=O)O)CC1,vNo-DILI-concern,0
Daunorubicin hydrochloride,COc1cccc2c1C(=O)c1c(O)c3c(c(O)c1C2=O)CC(O)(C(C)=O)CC3OC1CC(N)C(O)C(C)O1,vNo-DILI-concern,0
Reserpine,COC(=O)C1C2CC3c4[nH]c5cc(OC)ccc5c4CCN3CC2CC(OC(=O)c2cc(OC)c(OC)c(OC)c2)C1OC,vNo-DILI-concern,0
Frovatriptan succinate,CNC1CCc2[nH]c3ccc(C(N)=O)cc3c2C1,vNo-DILI-concern,0
Darifenacin hydrobromide,NC(=O)C(c1ccccc1)(c1ccccc1)C1CCN(CCc2ccc3c(c2)CCO3)C1,vNo-DILI-concern,0
Riboflavin 5'-phosphate,Cc1cc2nc3c(=O)[nH]c(=O)nc-3n(CC(O)C(O)C(O)COP(=O)(O)O)c2cc1C,vNo-DILI-concern,0
Dapagliflozin,CCOc1ccc(Cc2cc(C3OC(CO)C(O)C(O)C3O)ccc2Cl)cc1,vNo-DILI-concern,0
Gabapentin enacarbil,CC(OC(=O)NCC1(CC(=O)O)CCCCC1)OC(=O)C(C)C,vNo-DILI-concern,0
Dalfampridine,Nc1ccncc1,vNo-DILI-concern,0
Gadobenate dimeglumine,O=C(O)CN(CCN(CC(=O)O)CC(=O)O)CCN(CC(=O)O)C(COCc1ccccc1)C(=O)O,vNo-DILI-concern,0
Gallium ga-68 gozetotide,O=C(O)CCc1ccc(O)c(CN(CCN(CC(=O)O)Cc2cc(CCC(=O)NCCCCCC(=O)NCCCCC(NC(=O)NC(CCC(=O)O)C(=O)O)C(=O)O)ccc2O)CC(=O)O)c1,vNo-DILI-concern,0
Codeine sulfate,COc1ccc2c3c1OC1C(O)C=CC4C(C2)N(C)CCC341,vNo-DILI-concern,0
Ganirelix acetate,CCNC(=NCCCCC(NC(=O)C(Cc1ccc(O)cc1)NC(=O)C(CO)NC(=O)C(Cc1cccnc1)NC(=O)C(Cc1ccc(Cl)cc1)NC(=O)C(Cc1ccc2ccccc2c1)NC(C)=O)C(=O)NC(CC(C)C)C(=O)NC(CCCCN=C(NCC)NCC)C(=O)N1CCCC1C(=O)NC(C)C(N)=O)NCC,vNo-DILI-concern,0
Sodium fluoride f-18,[Na+],vNo-DILI-concern,0
Norepinephrine bitartrate,NCC(O)c1ccc(O)c(O)c1,vNo-DILI-concern,0
Setmelanotide acetate,CC(=O)NC(CCCN=C(N)N)C(=O)NC1CSSCC(C(N)=O)NC(=O)C(Cc2c[nH]c3ccccc23)NC(=O)C(CCCN=C(N)N)NC(=O)C(Cc2ccccc2)NC(=O)C(Cc2cnc[nH]2)NC(=O)C(C)NC1=O,vNo-DILI-concern,0
Chlorpheniramine maleate,CN(C)CCC(c1ccc(Cl)cc1)c1ccccn1,vNo-DILI-concern,0
Nitroglycerin,O=[N+]([O-])OCC(CO[N+](=O)[O-])O[N+](=O)[O-],vNo-DILI-concern,0
Sincalide,CSCCC(NC(=O)C(Cc1ccc(OS(=O)(=O)O)cc1)NC(=O)C(N)CC(=O)O)C(=O)NCC(=O)NC(Cc1c[nH]c2ccccc12)C(=O)NC(CCSC)C(=O)NC(CC(=O)O)C(=O)NC(Cc1ccccc1)C(N)=O,vNo-DILI-concern,0
Hydroxyzine hydrochloride,OCCOCCN1CCN(C(c2ccccc2)c2ccc(Cl)cc2)CC1,vNo-DILI-concern,0
Etidronate disodium,CC(O)(P(=O)(O)O)P(=O)(O)O,vNo-DILI-concern,0
Nitazoxanide,CC(=O)Oc1ccccc1C(=O)Nc1ncc([N+](=O)[O-])s1,vNo-DILI-concern,0
Sodium bicarbonate,O=C(O)O,vNo-DILI-concern,0
Sodium lactate,CC(O)C(=O)O,vNo-DILI-concern,0
Norethindrone acetate,C#CC1(OC(C)=O)CCC2C3CCC4=CC(=O)CCC4C3CCC21C,vNo-DILI-concern,0
Sodium nitroprusside,O,vNo-DILI-concern,0
Sodium oxybate,O=C(O)CCCO,vNo-DILI-concern,0
Sodium thiosulfate,O=S(O)(O)=S,vNo-DILI-concern,0
Sodium zirconium cyclosilicate,O[Si]1(O)O[Si](O)(O)O[Si](O)(O)O1,vNo-DILI-concern,0
Sofosbuvir,CC(C)OC(=O)C(C)NP(=O)(OCC1OC(n2ccc(=O)[nH]c2=O)C(C)(F)C1O)Oc1ccccc1,vNo-DILI-concern,0
Solriamfetol hydrochloride,NC(=O)OCC(N)Cc1ccccc1,vNo-DILI-concern,0
Sorbitol,OCC(O)C(O)C(O)C(O)CO,vNo-DILI-concern,0
Ibutilide fumarate,CCCCCCCN(CC)CCCC(O)c1ccc(NS(C)(=O)=O)cc1,vNo-DILI-concern,0
Hydrocortisone acetate,CC(=O)OCC(=O)C1(O)CCC2C3CCC4=CC(=O)CCC4(C)C3C(O)CC21C,vNo-DILI-concern,0
Choline c-11,C[N+](C)(C)CCO,vNo-DILI-concern,0
Rocuronium bromide,C=CC[N+]1(C2CC3C4CCC5CC(O)C(N6CCOCC6)CC5(C)C4CCC3(C)C2OC(C)=O)CCCC1,vNo-DILI-concern,0
Sapropterin dihydrochloride,CC(O)C(O)C1CNc2nc(N)[nH]c(=O)c2N1,vNo-DILI-concern,0
Roflumilast,O=C(Nc1c(Cl)cncc1Cl)c1ccc(OC(F)F)c(OCC2CC2)c1,vNo-DILI-concern,0
Rolapitant hydrochloride,CC(OCC1(c2ccccc2)CCC2(CCC(=O)N2)CN1)c1cc(C(F)(F)F)cc(C(F)(F)F)c1,vNo-DILI-concern,0
Romidepsin,CC=C1NC(=O)C2CSSCCC=CC(CC(=O)NC(C(C)C)C(=O)N2)OC(=O)C(C(C)C)NC1=O,vNo-DILI-concern,0
Orphenadrine hydrochloride,Cc1ccccc1C(OCCN(C)C)c1ccccc1,vNo-DILI-concern,0
Opicapone,Cc1c(Cl)c(C)[n+]([O-])c(Cl)c1-c1noc(-c2cc(O)c(O)c([N+](=O)[O-])c2)n1,vNo-DILI-concern,0
Glycopyrrolate,C[N+]1(C)CCC(OC(=O)C(O)(c2ccccc2)C2CCCC2)C1,vNo-DILI-concern,0
Rubidium chloride rb-82,[Rb+],vNo-DILI-concern,0
Safinamide mesylate,CC(NCc1ccc(OCc2cccc(F)c2)cc1)C(N)=O,vNo-DILI-concern,0
Guaifenesin,COc1ccccc1OCC(O)CO,vNo-DILI-concern,0
Clevidipine,CCCC(=O)OCOC(=O)C1=C(C)NC(C)=C(C(=O)OC)C1c1cccc(Cl)c1Cl,vNo-DILI-concern,0
Selexipag,CC(C)N(CCCCOCC(=O)NS(C)(=O)=O)c1cnc(-c2ccccc2)c(-c2ccccc2)n1,vNo-DILI-concern,0
Clemastine fumarate,CN1CCCC1CCOC(C)(c1ccccc1)c1ccc(Cl)cc1,vNo-DILI-concern,0
Guanethidine monosulfate,NC(N)=NCCN1CCCCCCC1,vNo-DILI-concern,0
Sarecycline hydrochloride,CON(C)Cc1ccc(O)c2c1CC1CC3C(N(C)C)C(=O)C(C(N)=O)=C(O)C3(O)C(=O)C1=C2O,vNo-DILI-concern,0
Nystatin,CC1C=CC=CCCC=CC=CC=CC=CC(OC2OC(C)C(O)C(N)C2O)CC2OC(O)(CC(O)C(O)CCC(O)CC(O)CC(O)CC(=O)OC(C)C(C)C1O)CC(O)C2C(=O)O,vNo-DILI-concern,0
Cisatracurium besylate,COc1ccc(CC2c3cc(OC)c(OC)cc3CC[N+]2(C)CCC(=O)OCCCCCOC(=O)CC[N+]2(C)CCc3cc(OC)c(OC)cc3C2Cc2ccc(OC)c(OC)c2)cc1OC,vNo-DILI-concern,0
Histamine phosphate,NCCc1cnc[nH]1,vNo-DILI-concern,0
Cinacalcet hydrochloride,CC(NCCCc1cccc(C(F)(F)F)c1)c1cccc2ccccc12,vNo-DILI-concern,0
Scopolamine,CN1C2CC(OC(=O)C(CO)c3ccccc3)CC1C1OC12,vNo-DILI-concern,0
Selegiline hydrochloride,C#CCN(C)C(C)Cc1ccccc1,vNo-DILI-concern,0
Pamabrom,Cn1c(=O)c2[nH]c(Br)nc2n(C)c1=O,vNo-DILI-concern,0
Deutetrabenazine,COc1cc2c(cc1OC)C1CC(=O)C(CC(C)C)CN1CC2,vNo-DILI-concern,0
Flutemetamol f-18,CNc1ccc(-c2nc3ccc(O)cc3s2)cc1F,vNo-DILI-concern,0
Eliglustat tartrate,CCCCCCCC(=O)NC(CN1CCCC1)C(O)c1ccc2c(c1)OCCO2,vNo-DILI-concern,0
Ephedrine sulfate,CNC(C)C(O)c1ccccc1,vNo-DILI-concern,0
Enzalutamide,CNC(=O)c1ccc(N2C(=S)N(c3ccc(C#N)c(C(F)(F)F)c3)C(=O)C2(C)C)cc1F,vNo-DILI-concern,0
Perampanel,N#Cc1ccccc1-c1cc(-c2ccccn2)cn(-c2ccccc2)c1=O,vNo-DILI-concern,0
Pramlintide acetate,CCC(C)C(NC(=O)C1CCCN1C(=O)CNC(=O)C(Cc1ccccc1)NC(=O)C(CC(N)=O)NC(=O)C(CC(N)=O)NC(=O)C(CO)NC(=O)C(CO)NC(=O)C(Cc1c[nH]cn1)NC(=O)C(NC(=O)C(CC(C)C)NC(=O)C(Cc1ccccc1)NC(=O)C(CC(N)=O)NC(=O)C(C)NC(=O)C(CC(C)C)NC(=O)C(CCCNC(=N)N)NC(=O)C(CCC(N)=O)NC(=O)C(NC(=O)C(C)NC(=O)C1CSSCC(NC(=O)C(N)CCCCN)C(=O)NC(CC(N)=O)C(=O)NC(C(C)O)C(=O)NC(C)C(=O)NC(C(C)O)C(=O)N1)C(C)O)C(C)C)C(=O)NC(CC(C)C)C(=O)N1CCCC1C(=O)N1CCCC1C(=O)NC(C(=O)NC(CC(N)=O)C(=O)NC(C(=O)NCC(=O)NC(CO)C(=O)NC(CC(N)=O)C(=O)NC(C(=O)NC(Cc1ccc(O)cc1)C(N)=O)C(C)O)C(C)C)C(C)O,vNo-DILI-concern,0
Pentazocine lactate,CC(C)=CCN1CCC2(C)c3cc(O)ccc3CC1C2C,vNo-DILI-concern,0
Fenoldopam mesylate,Oc1ccc(C2CNCCc3c2cc(O)c(O)c3Cl)cc1,vNo-DILI-concern,0
Empagliflozin,OCC1OC(c2ccc(Cl)c(Cc3ccc(OC4CCOC4)cc3)c2)C(O)C(O)C1O,vNo-DILI-concern,0
Primaquine phosphate,COc1cc(NC(C)CCCN)c2ncccc2c1,vNo-DILI-concern,0
Primidone,CCC1(c2ccccc2)C(=O)NCNC1=O,vNo-DILI-concern,0
Polidocanol,CCCCCCCCCCCCOCCOCCOCCOCCOCCOCCOCCOCCOCCO,vNo-DILI-concern,0
Ferric maltol,Cc1occc(=O)c1O,vNo-DILI-concern,0
Ferumoxytol,[Fe+2],vNo-DILI-concern,0
Edrophonium chloride,CC[N+](C)(C)c1cccc(O)c1,vNo-DILI-concern,0
Fesoterodine fumarate,CC(C)C(=O)Oc1ccc(CO)cc1C(CCN(C(C)C)C(C)C)c1ccccc1,vNo-DILI-concern,0
Pentagastrin,CSCCC(NC(=O)C(Cc1c[nH]c2ccccc12)NC(=O)CCNC(=O)OC(C)(C)C)C(=O)NC(CC(=O)O)C(=O)NC(Cc1ccccc1)C(N)=O,vNo-DILI-concern,0
Edaravone,CC1=NN(c2ccccc2)C(=O)C1,vNo-DILI-concern,0
Ecallantide,CCC(C)C1NC(=O)C(Cc2ccccc2)NC(=O)C(CCC(=O)O)NC(=O)C(CCC(=O)O)NC(=O)C2CSSCC3NC(=O)C(CCC(=O)O)NC(=O)C(CCC(=O)O)NC(=O)C(CC(C)C)NC(=O)C(CO)NC(=O)C(CCC(=O)O)NC(=O)C(Cc4ccccc4)NC(=O)C(CCCNC(=N)N)NC(=O)C(CC(N)=O)NC(=O)C(CCC(N)=O)NC(=O)C(CC(N)=O)NC(=O)CNC(=O)C(CCC(=O)O)NC(=O)C(CSSCC(NC(=O)C4CCCN4C(=O)CNC(=O)C(CC(=O)O)NC(=O)C(CC(=O)O)NC(=O)C(C)NC(=O)C(CCCCN)NC(=O)C(Cc4ccccc4)NC(=O)C(C)NC(=O)C(NC(=O)C(Cc4ccccc4)NC(=O)C(CO)NC(=O)C(Cc4cnc[nH]4)NC(=O)C(CCSC)NC(=O)C(C)NC(=O)C(N)CCC(=O)O)CSSCC(C(=O)NC(C(=O)NC(CCCNC(=N)N)C(=O)NC(CC(=O)O)C(=O)O)C(C)O)NC(=O)C(CCSC)NC(=O)C(CCCCN)NC(=O)C(CCCCN)NC3=O)C(=O)NC(CCCNC(=N)N)C(=O)NC(C)C(=O)NC(C)C(=O)NC(Cc3cnc[nH]3)C(=O)N3CCCC3C(=O)NC(CCCNC(=N)N)C(=O)NC(Cc3c[nH]c4ccccc34)C(=O)NC(Cc3ccccc3)C(=O)NC(Cc3ccccc3)C(=O)NC(CC(N)=O)C(=O)NC(C(C)CC)C(=O)NC(Cc3ccccc3)C(=O)NC(C(C)O)C(=O)NC(CCCNC(=N)N)C(=O)NC(CCC(N)=O)C(=O)N2)NC(=O)CNC(=O)CNC(=O)C(Cc2ccc(O)cc2)NC1=O,vNo-DILI-concern,0
Fexofenadine hydrochloride,CC(C)(C(=O)O)c1ccc(C(O)CCCN2CCC(C(O)(c3ccccc3)c3ccccc3)CC2)cc1,vNo-DILI-concern,0
Dyphylline,Cn1c(=O)c2c(ncn2CC(O)CO)n(C)c1=O,vNo-DILI-concern,0
Epinephrine,CNCC(O)c1ccc(O)c(O)c1,vNo-DILI-concern,0
Plerixafor,c1cc(CN2CCCNCCNCCCNCC2)ccc1CN1CCCNCCNCCCNCC1,vNo-DILI-concern,0
Dutasteride,CC12C=CC(=O)NC1CCC1C2CCC2(C)C(C(=O)Nc3cc(C(F)(F)F)ccc3C(F)(F)F)CCC12,vNo-DILI-concern,0
Pimavanserin tartrate,CC(C)COc1ccc(CNC(=O)N(Cc2ccc(F)cc2)C2CCN(C)CC2)cc1,vNo-DILI-concern,0
Ethanolamine oleate,CCCCCCCCC=CCCCCCCCC(=O)O,vNo-DILI-concern,0
Etomidate,CCOC(=O)c1cncn1C(C)c1ccccc1,vNo-DILI-concern,0
Etelcalcetide,CC(=O)NC(CSSCC(N)C(=O)O)C(=O)NC(C)C(=O)NC(CCCN=C(N)N)C(=O)NC(CCCN=C(N)N)C(=O)NC(CCCN=C(N)N)C(=O)NC(C)C(=O)NC(CCCN=C(N)N)C(N)=O,vNo-DILI-concern,0
Phentolamine mesylate,Cc1ccc(N(CC2=NCCN2)c2cccc(O)c2)cc1,vNo-DILI-concern,0
Phendimetrazine tartrate,CC1C(c2ccccc2)OCCN1C,vNo-DILI-concern,0
Physostigmine salicylate,CNC(=O)Oc1ccc2c(c1)C1(C)CCN(C)C1N2C,vNo-DILI-concern,0
Phytonadione,CC(=CCC1=C(C)C(=O)c2ccccc2C1=O)CCCC(C)CCCC(C)CCCC(C)C,vNo-DILI-concern,0
Piflufolastat f-18,O=C(O)CCC(NC(=O)NC(CCCCNC(=O)c1ccc(F)nc1)C(=O)O)C(=O)O,vNo-DILI-concern,0
Estazolam,Clc1ccc2c(c1)C(c1ccccc1)=NCc1nncn1-2,vNo-DILI-concern,0
Esmolol hydrochloride,COC(=O)CCc1ccc(OCC(O)CNC(C)C)cc1,vNo-DILI-concern,0
Epoetin alfa,COC1C(O)CC(=O)OC(C)CC=CC=CC(OC2CC(C)(O)C(O)C(C)O2)C(C)CC(CCO)C1OC1OC(C)C(OC2CC(C)(O)C(O)C(C)O2)C(N(C)C)C1O,vNo-DILI-concern,0
Pimozide,O=c1[nH]c2ccccc2n1C1CCN(CCCC(c2ccc(F)cc2)c2ccc(F)cc2)CC1,vNo-DILI-concern,0
Pindolol,CC(C)NCC(O)COc1cccc2[nH]ccc12,vNo-DILI-concern,0
Ertugliflozin,CCOc1ccc(Cc2cc(C34OCC(CO)(O3)C(O)C(O)C4O)ccc2Cl)cc1,vNo-DILI-concern,0
Exenatide synthetic,CCC(C)C(NC(=O)C(Cc1ccccc1)NC(=O)C(CC(C)C)NC(=O)C(CCCNC(=N)N)NC(=O)C(NC(=O)C(C)NC(=O)C(CCC(=O)O)NC(=O)C(CCC(=O)O)NC(=O)C(CCC(=O)O)NC(=O)C(CCSC)NC(=O)C(CCC(N)=O)NC(=O)C(CCCCN)NC(=O)C(CO)NC(=O)C(CC(C)C)NC(=O)C(CC(=O)O)NC(=O)C(CO)NC(=O)C(NC(=O)C(Cc1ccccc1)NC(=O)C(NC(=O)CNC(=O)C(CCC(=O)O)NC(=O)CNC(=O)C(N)Cc1c[nH]cn1)C(C)O)C(C)O)C(C)C)C(=O)NC(CCC(=O)O)C(=O)NC(Cc1c[nH]c2ccccc12)C(=O)NC(CC(C)C)C(=O)NC(CCCCN)C(=O)NC(CC(N)=O)C(=O)NCC(=O)NCC(=O)N1CCCC1C(=O)NC(CO)C(=O)NC(CO)C(=O)NCC(=O)NC(C)C(=O)N1CCCC1C(=O)N1CCCC1C(=O)N1CCCC1C(=O)NC(CO)C(N)=O,vNo-DILI-concern,0
Ergocalciferol,C=C1CCC(O)CC1=CC=C1CCCC2(C)C1CCC2C(C)C=CC(C)C(C)C,vNo-DILI-concern,0
Eptifibatide,NC(=O)C1CSSCCC(=O)NC(CCCCN=C(N)N)C(=O)NCC(=O)NC(CC(=O)O)C(=O)NC(Cc2c[nH]c3ccccc23)C(=O)N2CCCC2C(=O)N1,vNo-DILI-concern,0
Perflutren,FC(F)(F)C(F)(F)C(F)(F)F,vNo-DILI-concern,0
Pitolisant hydrochloride,Clc1ccc(CCCOCCCN2CCCCC2)cc1,vNo-DILI-concern,0
Procyclidine hydrochloride,OC(CCN1CCCC1)(c1ccccc1)C1CCCCC1,vNo-DILI-concern,0
Droxidopa,NC(C(=O)O)C(O)c1ccc(O)c(O)c1,vNo-DILI-concern,0
Dexbrompheniramine maleate,CN(C)CCC(c1ccc(Br)cc1)c1ccccn1,vNo-DILI-concern,0
Fluoroestradiol f-18,CC12CCC3c4ccc(O)cc4CCC3C1CC(F)C2O,vNo-DILI-concern,0
Fludrocortisone acetate,CC(=O)OCC(=O)C1(O)CCC2C3CCC4=CC(=O)CCC4(C)C3(F)C(O)CC21C,vNo-DILI-concern,0
Dihydroergotamine mesylate,CN1CC(C(=O)NC2(C)OC3(O)C4CCCN4C(=O)C(Cc4ccccc4)N3C2=O)CC2c3cccc4[nH]cc(c34)CC21,vNo-DILI-concern,0
Digoxin,CC1OC(OC2C(O)CC(OC3C(O)CC(OC4CCC5(C)C(CCC6C5CC(O)C5(C)C(C7=CC(=O)OC7)CCC65O)C4)OC3C)OC2C)CC(O)C1O,vNo-DILI-concern,0
Flumazenil,CCOC(=O)c1ncn2c1CN(C)C(=O)c1cc(F)ccc1-2,vNo-DILI-concern,0
Difelikefalin acetate,CC(C)CC(NC(=O)C(Cc1ccccc1)NC(=O)C(N)Cc1ccccc1)C(=O)NC(CCCCN)C(=O)N1CCC(N)(C(=O)O)CC1,vNo-DILI-concern,0
Diethylpropion hydrochloride,CCN(CC)C(C)C(=O)c1ccccc1,vNo-DILI-concern,0
Fluorescein sodium,O=C(O)c1ccccc1-c1c2ccc(=O)cc-2oc2cc(O)ccc12,vNo-DILI-concern,0
Dicyclomine hydrochloride,CCN(CC)CCOC(=O)C1(C2CCCCC2)CCCCC1,vNo-DILI-concern,0
Fluorodopa f-18,NC(Cc1cc(O)c(O)cc1F)C(=O)O,vNo-DILI-concern,0
Dichlorphenamide,NS(=O)(=O)c1cc(Cl)c(Cl)c(S(N)(=O)=O)c1,vNo-DILI-concern,0
Dimercaprol,OCC(S)CS,vNo-DILI-concern,0
Quazepam,Fc1ccccc1C1=NCC(=S)N(CC(F)(F)F)c2ccc(Cl)cc21,vNo-DILI-concern,0
Diatrizoate sodium,CC(=O)Nc1c(I)c(NC(C)=O)c(I)c(C(=O)O)c1I,vNo-DILI-concern,0
Dextrose,OCC1OC(O)C(O)C(O)C1O,vNo-DILI-concern,0
Dextromethorphan polistirex,COc1ccc2c(c1)C13CCCCC1C(C2)N(C)CC3,vNo-DILI-concern,0
Dextroamphetamine sulfate,CC(N)Cc1ccccc1,vNo-DILI-concern,0
Paromomycin sulfate,NCC1OC(OC2C(CO)OC(OC3C(O)C(N)CC(N)C3OC3OC(CO)C(O)C(O)C3N)C2O)C(N)C(O)C1O,vNo-DILI-concern,0
Dexpanthenol,CC(C)(CO)C(O)C(=O)NCCCO,vNo-DILI-concern,0
Pancuronium bromide,CC(=O)OC1CC2CCC3C(CCC4(C)C3CC([N+]3(C)CCCCC3)C4OC(C)=O)C2(C)CC1[N+]1(C)CCCCC1,vNo-DILI-concern,0
Dimenhydrinate,CN(C)CCOC(c1ccccc1)c1ccccc1,vNo-DILI-concern,0
Fludarabine phosphate,Nc1nc(F)nc2c1ncn2C1OC(COP(=O)(O)O)C(O)C1O,vNo-DILI-concern,0
Penicillin v potassium,CC1(C)SC2C(NC(=O)COc3ccccc3)C(=O)N2C1C(=O)O,vNo-DILI-concern,0
Dopamine hydrochloride,NCCc1ccc(O)c(O)c1,vNo-DILI-concern,0
Droperidol,O=C(CCCN1CC=C(n2c(=O)[nH]c3ccccc32)CC1)c1ccc(F)cc1,vNo-DILI-concern,0
Finerenone,CCOc1ncc(C)c2c1C(c1ccc(C#N)cc1OC)C(C(N)=O)=C(C)N2,vNo-DILI-concern,0
Doxylamine succinate,CN(C)CCOC(C)(c1ccccc1)c1ccccn1,vNo-DILI-concern,0
Propantheline bromide,CC(C)[N+](C)(CCOC(=O)C1c2ccccc2Oc2ccccc21)C(C)C,vNo-DILI-concern,0
Penbutolol sulfate,CC(C)(C)NCC(O)COc1ccccc1C1CCCC1,vNo-DILI-concern,0
Flibanserin,O=c1[nH]c2ccccc2n1CCN1CCN(c2cccc(C(F)(F)F)c2)CC1,vNo-DILI-concern,0
Doxapram hydrochloride,CCN1CC(CCN2CCOCC2)C(c2ccccc2)(c2ccccc2)C1=O,vNo-DILI-concern,0
Florbetaben f-18,CNc1ccc(C=Cc2ccc(OCCOCCOCCF)cc2)cc1,vNo-DILI-concern,0
Protirelin,NC(=O)C1CCCN1C(=O)C(Cc1cnc[nH]1)NC(=O)C1CCC(=O)N1,vNo-DILI-concern,0
Protriptyline hydrochloride,CNCCCC1c2ccccc2C=Cc2ccccc21,vNo-DILI-concern,0
Florbetapir f-18,CNc1ccc(C=Cc2ccc(OCCOCCOCCF)nc2)cc1,vNo-DILI-concern,0
Prucalopride succinate,COCCCN1CCC(NC(=O)c2cc(Cl)c(N)c3c2OCC3)CC1,vNo-DILI-concern,0
Pyrantel pamoate,O=C(O)c1cc2ccccc2c(Cc2c(O)c(C(=O)O)cc3ccccc23)c1O,vNo-DILI-concern,0
Meprobamate,CCCC(C)(COC(N)=O)COC(N)=O,vNo-DILI-concern,0
Flortaucipir f-18,Fc1ccc(-c2ccc3c(c2)[nH]c2ccncc23)cn1,vNo-DILI-concern,0
Fluciclovine f-18,NC1(C(=O)O)CC(F)C1,vNo-DILI-concern,0
Pyridoxine hydrochloride,Cc1ncc(CO)c(CO)c1O,vNo-DILI-concern,0
Diphenoxylate,CCOC(=O)C1(c2ccccc2)CCN(CCC(C#N)(c2ccccc2)c2ccccc2)CC1,vNo-DILI-concern,0
Stiripentol,CC(C)(C)C(O)C=Cc1ccc2c(c1)OCO2,vNo-DILI-concern,0
Chloramphenicol,O=C(NC(CO)C(O)c1ccc([N+](=O)[O-])cc1)C(Cl)Cl,vNo-DILI-concern,0
Triheptanoin,CCCCCCC(=O)OCC(COC(=O)CCCCCC)OC(=O)CCCCCC,vNo-DILI-concern,0
Morphine sulfate,CN1CCC23c4c5ccc(O)c4OC2C(O)C=CC3C1C5,vNo-DILI-concern,0
Tyramine,NCCc1ccc(O)cc1,vNo-DILI-concern,0
Ubrogepant,CC1C(c2ccccc2)CC(NC(=O)c2cnc3c(c2)CC2(C3)C(=O)Nc3ncccc32)C(=O)N1CC(F)(F)F,vNo-DILI-concern,0
Migalastat hydrochloride,OCC1NCC(O)C(O)C1O,vNo-DILI-concern,0
Umeclidinium bromide,OC(c1ccccc1)(c1ccccc1)C12CC[N+](CCOCc3ccccc3)(CC1)CC2,vNo-DILI-concern,0
Uridine triacetate,CC(=O)OCC1OC(n2ccc(=O)[nH]c2=O)C(OC(C)=O)C1OC(C)=O,vNo-DILI-concern,0
Urofollitropin,CCC(C)C1NC(=O)C(Cc2ccc(O)cc2)NC(=O)C(N)CSSCC(C(=O)N2CCCC2C(=O)NC(CC(C)C)C(=O)NCC(N)=O)NC(=O)C(CC(N)=O)NC(=O)C(C(C)O)NC1=O,vNo-DILI-concern,0
Lidocaine,CCN(CC)CC(=O)Nc1c(C)cccc1C,vNo-DILI-concern,0
Linaclotide,CC1NC(=O)C2CCCN2C(=O)C(CC(N)=O)NC(=O)C2CSSCC(N)C(=O)NC3CSSCC(NC1=O)C(=O)NC(C(C)O)C(=O)NCC(=O)NC(C(=O)NC(Cc1ccc(O)cc1)C(=O)O)CSSCC(NC(=O)C(Cc1ccc(O)cc1)NC(=O)C(CCC(=O)O)NC3=O)C(=O)N2,vNo-DILI-concern,0
Argipressin,NC(=O)CCC1NC(=O)C(Cc2ccccc2)NC(=O)C(Cc2ccc(O)cc2)NC(=O)C(N)CSSCC(C(=O)N2CCCC2C(=O)NC(CCCN=C(N)N)C(=O)NCC(N)=O)NC(=O)C(CC(N)=O)NC1=O,vNo-DILI-concern,0
Arginine hydrochloride,NC(N)=NCCCC(N)C(=O)O,vNo-DILI-concern,0
Argatroban,CC1CNc2c(cccc2S(=O)(=O)NC(CCCN=C(N)N)C(=O)N2CCC(C)CC2C(=O)O)C1,vNo-DILI-concern,0
Midodrine hydrochloride,COc1ccc(OC)c(C(O)CNC(=O)CN)c1,vNo-DILI-concern,0
Midazolam hydrochloride,Cc1ncc2n1-c1ccc(Cl)cc1C(c1ccccc1F)=NC2,vNo-DILI-concern,0
Apremilast,CCOc1cc(C(CS(C)(=O)=O)N2C(=O)c3cccc(NC(C)=O)c3C2=O)ccc1OC,vNo-DILI-concern,0
Apomorphine hydrochloride,CN1CCc2cccc3c2C1Cc1ccc(O)c(O)c1-3,vNo-DILI-concern,0
Liothyronine sodium,NC(Cc1cc(I)c(Oc2ccc(O)c(I)c2)c(I)c1)C(=O)O,vNo-DILI-concern,0
Apalutamide,CNC(=O)c1ccc(N2C(=S)N(c3cnc(C#N)c(C(F)(F)F)c3)C(=O)C23CCC3)cc1F,vNo-DILI-concern,0
Angiotensin ii acetate,CCC(C)C(NC(=O)C(Cc1ccc(O)cc1)NC(=O)C(NC(=O)C(CCCN=C(N)N)NC(=O)C(N)CC(=O)O)C(C)C)C(=O)NC(Cc1cnc[nH]1)C(=O)N1CCCC1C(=O)NC(Cc1ccccc1)C(=O)O,vNo-DILI-concern,0
Metyrosine,CC(N)(Cc1ccc(O)cc1)C(=O)O,vNo-DILI-concern,0
Vecuronium bromide,CC(=O)OC1CC2CCC3C(CCC4(C)C3CC([N+]3(C)CCCCC3)C4OC(C)=O)C2(C)CC1N1CCCCC1,vNo-DILI-concern,0
Lofexidine hydrochloride,CC(Oc1c(Cl)cccc1Cl)C1=NCCN1,vNo-DILI-concern,0
Miglitol,OCCN1CC(O)C(O)C(O)C1CO,vNo-DILI-concern,0
Trospium chloride,O=C(OC1CC2CCC(C1)[N+]21CCCC1)C(O)(c1ccccc1)c1ccccc1,vNo-DILI-concern,0
Levorphanol tartrate,CN1CCC23CCCCC2C1Cc1ccc(O)cc13,vNo-DILI-concern,0
Trientine hydrochloride,NCCNCCNCCN,vNo-DILI-concern,0
Lasmiditan succinate,CN1CCC(C(=O)c2cccc(NC(=O)c3c(F)cc(F)cc3F)n2)CC1,vNo-DILI-concern,0
Lemborexant,Cc1ncc(OCC2(c3cccc(F)c3)CC2C(=O)Nc2ccc(F)cn2)c(C)n1,vNo-DILI-concern,0
Tranexamic acid,NCC1CCC(C(=O)O)CC1,vNo-DILI-concern,0
Mivacurium chloride,COc1cc2c(cc1OC)C(Cc1cc(OC)c(OC)c(OC)c1)[N+](C)(CCCOC(=O)CCC=CCCC(=O)OCCC[N+]1(C)CCc3cc(OC)c(OC)cc3C1Cc1cc(OC)c(OC)c(OC)c1)CC2,vNo-DILI-concern,0
Mitotane,Clc1ccc(C(c2ccccc2Cl)C(Cl)Cl)cc1,vNo-DILI-concern,0
Leucovorin calcium,Nc1nc2c(c(=O)[nH]1)N(C=O)C(CNc1ccc(C(=O)NC(CCC(=O)O)C(=O)O)cc1)CN2,vNo-DILI-concern,0
Minoxidil,N=c1nc(N2CCCCC2)cc(N)n1O,vNo-DILI-concern,0
Baloxavir marboxil,COC(=O)OCOc1c2n(ccc1=O)N(C1c3ccccc3SCc3c1ccc(F)c3F)C1COCCN1C2=O,vNo-DILI-concern,0
Bacitracin,CCC(C)C(N)C1=NC(C(=O)NC(CC(C)C)C(=O)NC(CCC(=O)O)C(=O)NC(C(=O)NC2CCCCNC(=O)C(CC(N)=O)NC(=O)C(CC(=O)O)NC(=O)C(Cc3cnc[nH]3)NC(=O)C(Cc3ccccc3)NC(=O)C(C(C)CC)NC(=O)C(CCCN)NC2=O)C(C)CC)CS1,vNo-DILI-concern,0
Azilsartan kamedoxomil,CCOc1nc2cccc(C(=O)OCc3oc(=O)oc3C)c2n1Cc1ccc(-c2ccccc2-c2noc(=O)[nH]2)cc1,vNo-DILI-concern,0
Levonorgestrel,C#CC1(O)CCC2C3CCC4=CC(=O)CCC4C3CCC21CC,vNo-DILI-concern,0
Levocarnitine,C[N+](C)(C)CC(O)CC(=O)[O-],vNo-DILI-concern,0
Succinylcholine chloride,C[N+](C)(C)CCOC(=O)CCC(=O)OCC[N+](C)(C)C,vNo-DILI-concern,0
Trihexyphenidyl hydrochloride,OC(CCN1CCCCC1)(c1ccccc1)C1CCCCC1,vNo-DILI-concern,0
Avatrombopag maleate,O=C(Nc1nc(-c2cc(Cl)cs2)c(N2CCN(C3CCCCC3)CC2)s1)c1cnc(N2CCC(C(=O)O)CC2)c(Cl)c1,vNo-DILI-concern,0
Miglustat,CCCCN1CC(O)C(O)C(O)C1CO,vNo-DILI-concern,0
Avanafil,COc1ccc(CNc2nc(N3CCCC3CO)ncc2C(=O)NCc2ncccn2)cc1Cl,vNo-DILI-concern,0
Triprolidine hydrochloride,Cc1ccc(C(=CCN2CCCC2)c2ccccn2)cc1,vNo-DILI-concern,0
Atropine,CN1C2CCC1CC(OC(=O)C(CO)c1ccccc1)C2,vNo-DILI-concern,0
Metyrapone,CC(C)(C(=O)c1cccnc1)c1cccnc1,vNo-DILI-concern,0
Loperamide hydrochloride,CN(C)C(=O)C(CCN1CCC(O)(c2ccc(Cl)cc2)CC1)(c1ccccc1)c1ccccc1,vNo-DILI-concern,0
Vericiguat,COC(=O)Nc1c(N)nc(-c2nn(Cc3ccccc3F)c3ncc(F)cc23)nc1N,vNo-DILI-concern,0
Adenosine,Nc1ncnc2c1ncn2C1OC(CO)C(O)C1O,vNo-DILI-concern,0
Vosoritide,CCC(C)C1NC(=O)C(CCCNC(=N)N)NC(=O)C(CC(=O)O)NC(=O)C(CC(C)C)NC(=O)C(CCCCN)NC(=O)C(CC(C)C)NC(=O)CNC(=O)C(Cc2ccccc2)NC(=O)C(NC(=O)CNC(=O)C(CCCCN)NC(=O)C(CO)NC(=O)C(CC(C)C)NC(=O)CNC(=O)C(CCCCN)NC(=O)C(CCCCN)NC(=O)C(CC(N)=O)NC(=O)C(C)NC(=O)CNC(=O)C(CCCCN)NC(=O)C(Cc2ccc(O)cc2)NC(=O)C(CCCCN)NC(=O)C(CCCNC(=N)N)NC(=O)C(C)NC(=O)C(CC(N)=O)NC(=O)C2CCCN2C(=O)C(Cc2cnc[nH]2)NC(=O)C(CCC(=O)O)NC(=O)C(CCC(N)=O)NC(=O)CNC(=O)C2CCCN2)CSSCC(C(=O)O)NC(=O)CNC(=O)C(CC(C)C)NC(=O)CNC(=O)C(CO)NC(=O)C(CCSC)NC(=O)C(CO)NC(=O)CNC1=O,vNo-DILI-concern,0
Voxelotor,CC(C)n1nccc1-c1ncccc1COc1cccc(O)c1C=O,vNo-DILI-concern,0
Alfentanil hydrochloride,CCC(=O)N(c1ccccc1)C1(COC)CCN(CCn2nnn(CC)c2=O)CC1,vNo-DILI-concern,0
Methsuximide,CN1C(=O)CC(C)(c2ccccc2)C1=O,vNo-DILI-concern,0
Macimorelin acetate,CC(C)(N)C(=O)NC(Cc1c[nH]c2ccccc12)C(=O)NC(Cc1c[nH]c2ccccc12)NC=O,vNo-DILI-concern,0
Albuterol,CC(C)(C)NCC(O)c1ccc(O)c(CO)c1,vNo-DILI-concern,0
Methscopolamine bromide,C[N+]1(C)C2CC(OC(=O)C(CO)c3ccccc3)CC1C1OC12,vNo-DILI-concern,0
Maribavir,CC(C)Nc1nc2cc(Cl)c(Cl)cc2n1C1OC(CO)C(O)C1O,vNo-DILI-concern,0
Zaleplon,CCN(C(C)=O)c1cccc(-c2ccnc3c(C#N)cnn23)c1,vNo-DILI-concern,0
Almotriptan malate,CN(C)CCc1c[nH]c2ccc(CS(=O)(=O)N3CCCC3)cc12,vNo-DILI-concern,0
Acetylcysteine,CC(=O)NC(CS)C(=O)O,vNo-DILI-concern,0
Acetylcholine chloride,CC(=O)OCC[N+](C)(C)C,vNo-DILI-concern,0
Mecamylamine hydrochloride,CNC1(C)C2CCC(C2)C1(C)C,vNo-DILI-concern,0
Methionine,CSCCC(N)C(=O)O,vNo-DILI-concern,0
Meclizine hydrochloride,Cc1cccc(CN2CCN(C(c3ccccc3)c3ccc(Cl)cc3)CC2)c1,vNo-DILI-concern,0
Methamphetamine hydrochloride,CNC(C)Cc1ccccc1,vNo-DILI-concern,0
Metaproterenol sulfate,CC(C)NCC(O)c1cc(O)cc(O)c1,vNo-DILI-concern,0
Mepenzolate bromide,C[N+]1(C)CCCC(OC(=O)C(O)(c2ccccc2)c2ccccc2)C1,vNo-DILI-concern,0
Meperidine hydrochloride,CCOC(=O)C1(c2ccccc2)CCN(C)CC1,vNo-DILI-concern,0
Lusutrombopag,CCCCCCOC(C)c1cccc(-c2csc(NC(=O)c3cc(Cl)c(C=C(C)C(=O)O)c(Cl)c3)n2)c1OC,vNo-DILI-concern,0
Vorinostat,O=C(CCCCCCC(=O)Nc1ccccc1)NO,vNo-DILI-concern,0
Vibegron,O=C(Nc1ccc(CC2CCC(C(O)c3ccccc3)N2)cc1)C1CCc2nccc(=O)n21,vNo-DILI-concern,0
Lubiprostone,CCCCC(F)(F)C1(O)CCC2C(CC(=O)C2CCCCCCC(=O)O)O1,vNo-DILI-concern,0
Ammonium chloride,N,vNo-DILI-concern,0
Vilazodone hydrochloride,N#Cc1ccc2[nH]cc(CCCCN3CCN(c4ccc5oc(C(N)=O)cc5c4)CC3)c2c1,vNo-DILI-concern,0
Viloxazine hydrochloride,CCOc1ccccc1OCC1CNCCO1,vNo-DILI-concern,0
Loratadine,CCOC(=O)N1CCC(=C2c3ccc(Cl)cc3CCc3cccnc32)CC1,vNo-DILI-concern,0
Methysergide maleate,CCC(CO)NC(=O)C1C=C2c3cccc4c3c(cn4C)CC2N(C)C1,vNo-DILI-concern,0
Aminophylline,Cn1c(=O)c2[nH]cnc2n(C)c1=O,vNo-DILI-concern,0
Aminohippurate sodium,Nc1ccc(C(=O)NCC(=O)O)cc1,vNo-DILI-concern,0
Aminocaproic acid,NCCCCCC(=O)O,vNo-DILI-concern,0
Methylnaltrexone bromide,C[N+]1(CC2CC2)CCC23c4c5ccc(O)c4OC2C(=O)CCC3(O)C1C5,vNo-DILI-concern,0
Amikacin sulfate,NCCC(O)C(=O)NC1CC(N)C(OC2OC(CN)C(O)C(O)C2O)C(O)C1OC1OC(CO)C(O)C(N)C1O,vNo-DILI-concern,0
Lurasidone hydrochloride,O=C1C2C3CCC(C3)C2C(=O)N1CC1CCCCC1CN1CCN(c2nsc3ccccc23)CC1,vNo-DILI-concern,0
Amifostine,NCCCNCCSP(=O)(O)O,vNo-DILI-concern,0
Methylergonovine maleate,CCC(CO)NC(=O)C1C=C2c3cccc4[nH]cc(c34)CC2N(C)C1,vNo-DILI-concern,0
Amifampridine,Nc1ccncc1N,vNo-DILI-concern,0
Vitamin C,O=C1OC(C(O)CO)C(O)=C1O,vNo-DILI-concern,0
Ambenonium chloride,CC[N+](CC)(CCNC(=O)C(=O)NCC[N+](CC)(CC)Cc1ccccc1Cl)Cc1ccccc1Cl,vNo-DILI-concern,0
Vitamin E,Cc1c(C)c2c(c(C)c1O)CCC(C)(CCCC(C)CCCC(C)CCCC(C)C)O2,vNo-DILI-concern,0
Alvimopan,CC1CN(CC(Cc2ccccc2)C(=O)NCC(=O)O)CCC1(C)c1cccc(O)c1,vNo-DILI-concern,0
Voclosporin,C=CC=CCC(C)C(O)C1C(=O)NC(CC)C(=O)N(C)CC(=O)N(C)C(CC(C)C)C(=O)NC(C(C)C)C(=O)N(C)C(CC(C)C)C(=O)NC(C)C(=O)NC(C)C(=O)N(C)C(CC(C)C)C(=O)N(C)C(CC(C)C)C(=O)N(C)C(C(C)C)C(=O)N1C,vNo-DILI-concern,0
Vorapaxar sulfate,CCOC(=O)NC1CCC2C(C1)CC1C(=O)OC(C)C1C2C=Cc1ccc(-c2cccc(F)c2)cn1,vNo-DILI-concern,0
Bendamustine hydrochloride,Cn1c(CCCC(=O)O)nc2cc(N(CCCl)CCCl)ccc21,vNo-DILI-concern,0
Phenoxybenzamine hydrochloride,CC(COc1ccccc1)N(CCCl)Cc1ccccc1,vNo-DILI-concern,0
Nifurtimox,CC1CS(=O)(=O)CCN1N=Cc1ccc([N+](=O)[O-])o1,vNo-DILI-concern,0
Kanamycin,NCC1OC(OC2C(N)CC(N)C(OC3OC(CO)C(O)C(N)C3O)C2O)C(O)C(O)C1O,vNo-DILI-concern,0
Cabergoline,C=CCN1CC(C(=O)N(CCCN(C)C)C(=O)NCC)CC2c3cccc4[nH]cc(c34)CC21,vNo-DILI-concern,0
Naloxegol oxalate,C=CCN1CCC23c4c5ccc(O)c4OC2C(OCCOCCOCCOCCOCCOCCOCCOC)CCC3(O)C1C5,vNo-DILI-concern,0
Naloxone hydrochloride,C=CCN1CCC23c4c5ccc(O)c4OC2C(=O)CCC3(O)C1C5,vNo-DILI-concern,0
Abaloparatide,CCC(C)C(NC(=O)C(CO)NC(=O)C(CCCCN)NC(=O)CNC(=O)C(CCCCN)NC(=O)C(CC(=O)O)NC(=O)C(Cc1cnc[nH]1)NC(=O)C(CC(C)C)NC(=O)C(CC(C)C)NC(=O)C(CCC(N)=O)NC(=O)C(Cc1cnc[nH]1)NC(=O)C(CCC(=O)O)NC(=O)C(CO)NC(=O)C(NC(=O)C(C)N)C(C)C)C(=O)NC(CCC(N)=O)C(=O)NC(CC(=O)O)C(=O)NC(CC(C)C)C(=O)NC(CCCNC(=N)N)C(=O)NC(CCCNC(=N)N)C(=O)NC(CCCNC(=N)N)C(=O)NC(CCC(=O)O)C(=O)NC(CC(C)C)C(=O)NC(CC(C)C)C(=O)NC(CCC(=O)O)C(=O)NC(CCCCN)C(=O)NC(CC(C)C)C(=O)NC(CC(C)C)C(=O)NC(C)(C)C(=O)NC(CCCCN)C(=O)NC(CC(C)C)C(=O)NC(Cc1cnc[nH]1)C(=O)NC(C(=O)NC(C)C(N)=O)C(C)O,vNo-DILI-concern,0
Ivabradine hydrochloride,COc1cc2c(cc1OC)CC(=O)N(CCCN(C)CC1Cc3cc(OC)c(OC)cc31)CC2,vNo-DILI-concern,0
Brexanolone,CC(=O)C1CCC2C3CCC4CC(O)CCC4(C)C3CCC12C,vNo-DILI-concern,0
Brexpiprazole,O=c1ccc2ccc(OCCCCN3CCN(c4cccc5sccc45)CC3)cc2[nH]1,vNo-DILI-concern,0
Tirofiban hydrochloride,CCCCS(=O)(=O)NC(Cc1ccc(OCCCCC2CCNCC2)cc1)C(=O)O,vNo-DILI-concern,0
Brilliant blue g,CCOc1ccc(Nc2ccc(C(=C3C=CC(=[N+](CC)Cc4cccc(S(=O)(=O)[O-])c4)C=C3C)c3ccc(N(CC)Cc4cccc(S(=O)(=O)O)c4)cc3C)cc2)cc1,vNo-DILI-concern,0
Brivaracetam,CCCC1CC(=O)N(C(CC)C(N)=O)C1,vNo-DILI-concern,0
Calcium acetate,CC(=O)O,vNo-DILI-concern,0
Calcitriol,C=C1C(=CC=C2CCCC3(C)C2CCC3C(C)CCCC(C)(C)O)CC(O)CC1O,vNo-DILI-concern,0
Carbinoxamine maleate,CN(C)CCOC(c1ccc(Cl)cc1)c1ccccn1,vNo-DILI-concern,0
Calcitonin salmon,CC(C)CC(NC(=O)C(CCCCN)NC(=O)CNC(=O)C(CC(C)C)NC(=O)C(NC(=O)C1CSSCC(N)C(=O)NC(CO)C(=O)NC(CC(N)=O)C(=O)NC(CC(C)C)C(=O)NC(CO)C(=O)NC(C(C)O)C(=O)N1)C(C)C)C(=O)NC(CO)C(=O)NC(CCC(N)=O)C(=O)NC(CCC(=O)O)C(=O)NC(CC(C)C)C(=O)NC(Cc1cnc[nH]1)C(=O)NC(CCCCN)C(=O)NC(CC(C)C)C(=O)NC(CCC(N)=O)C(=O)NC(C(=O)NC(Cc1ccc(O)cc1)C(=O)N1CCCC1C(=O)NC(CCCNC(=N)N)C(=O)NC(C(=O)NC(CC(N)=O)C(=O)NC(C(=O)NCC(=O)NC(CO)C(=O)NCC(=O)NC(C(=O)N1CCCC1C(N)=O)C(C)O)C(C)O)C(C)O)C(C)O,vNo-DILI-concern,0
Istradefylline,CCn1c(=O)c2c(nc(C=Cc3ccc(OC)c(OC)c3)n2C)n(CC)c1=O,vNo-DILI-concern,0
Budesonide,CCCC1OC2CC3C4CCC5=CC(=O)C=CC5(C)C4C(O)CC3(C)C2(C(=O)CO)O1,vNo-DILI-concern,0
Isoxsuprine hydrochloride,CC(COc1ccccc1)NC(C)C(O)c1ccc(O)cc1,vNo-DILI-concern,0
Tiludronate disodium,O=P(O)(O)C(Sc1ccc(Cl)cc1)P(=O)(O)O,vNo-DILI-concern,0
Caffeine citrate,Cn1c(=O)c2c(ncn2C)n(C)c1=O,vNo-DILI-concern,0
Carboprost tromethamine,CCCCCC(C)(O)C=CC1C(O)CC(O)C1CC=CCCCC(=O)O,vNo-DILI-concern,0
Topotecan hydrochloride,CCC1(O)C(=O)OCc2c1cc1n(c2=O)Cc2cc3c(CN(C)C)c(O)ccc3nc2-1,vNo-DILI-concern,0
Carisoprodol,CCCC(C)(COC(N)=O)COC(=O)NC(C)C,vNo-DILI-concern,0
Indocyanine green,CC1(C)C(=CC=CC=CC=CC2=[N+](CCCCS(=O)(=O)[O-])c3ccc4ccccc4c3C2(C)C)N(CCCCS(=O)(=O)O)c2ccc3ccccc3c21,vNo-DILI-concern,0
Isosorbide dinitrate,O=[N+]([O-])OC1COC2C(O[N+](=O)[O-])COC12,vNo-DILI-concern,0
Carglumic acid,NC(=O)NC(CCC(=O)O)C(=O)O,vNo-DILI-concern,0
Butorphanol tartrate,Oc1ccc2c(c1)C13CCCCC1(O)C(C2)N(CC1CCC1)CC3,vNo-DILI-concern,0
Bivalirudin,CCC(C)C(NC(=O)C(CCC(=O)O)NC(=O)C(CCC(=O)O)NC(=O)C(Cc1ccccc1)NC(=O)C(CC(=O)O)NC(=O)CNC(=O)C(CC(N)=O)NC(=O)CNC(=O)CNC(=O)CNC(=O)CNC(=O)C1CCCN1C(=O)C(CCCNC(=N)N)NC(=O)C1CCCN1C(=O)C(N)Cc1ccccc1)C(=O)N1CCCC1C(=O)NC(CCC(=O)O)C(=O)NC(CCC(=O)O)C(=O)NC(Cc1ccc(O)cc1)C(=O)NC(CC(C)C)C(=O)O,vNo-DILI-concern,0
Suvorexant,Cc1ccc(-n2nccn2)c(C(=O)N2CCN(c3nc4cc(Cl)ccc4o3)CCC2C)c1,vNo-DILI-concern,0
Ioversol,O=C(NCC(O)CO)c1c(I)c(C(=O)NCC(O)CO)c(I)c(N(CCO)C(=O)CO)c1I,vNo-DILI-concern,0
Nabilone,CCCCCCC(C)(C)c1cc(O)c2c(c1)OC(C)(C)C1CCC(=O)CC21,vNo-DILI-concern,0
Sufentanil citrate,CCC(=O)N(c1ccccc1)C1(COC)CCN(CCc2cccs2)CC1,vNo-DILI-concern,0
Iodipamide sodium,O=C(CCCCC(=O)Nc1c(I)cc(I)c(C(=O)O)c1I)Nc1c(I)cc(I)c(C(=O)O)c1I,vNo-DILI-concern,0
Sugammadex sodium,O=C(O)CCSCC1OC2OC3C(CSCCC(=O)O)OC(OC4C(CSCCC(=O)O)OC(OC5C(CSCCC(=O)O)OC(OC6C(CSCCC(=O)O)OC(OC7C(CSCCC(=O)O)OC(OC8C(CSCCC(=O)O)OC(OC9C(CSCCC(=O)O)OC(OC1C(O)C2O)C(O)C9O)C(O)C8O)C(O)C7O)C(O)C6O)C(O)C5O)C(O)C4O)C(O)C3O,vNo-DILI-concern,0
Ioflupane i-123,COC(=O)C1C(c2ccc(I)cc2)CC2CCC1N2CCCF,vNo-DILI-concern,0
Terazosin hydrochloride,COc1cc2nc(N3CCN(C(=O)C4CCCO4)CC3)nc(N)c2cc1OC,vNo-DILI-concern,0
Lactulose,OCC1OC(OC2C(CO)OC(O)(CO)C2O)C(O)C(O)C1O,vNo-DILI-concern,0
Iothalamate meglumine,CNCC(O)C(O)C(O)C(O)CO,vNo-DILI-concern,0
Lactitol,OCC(O)C(O)C(OC1OC(CO)C(O)C(O)C1O)C(O)CO,vNo-DILI-concern,0
Benzphetamine hydrochloride,CC(Cc1ccccc1)N(C)Cc1ccccc1,vNo-DILI-concern,0
Bisacodyl,CC(=O)Oc1ccc(C(c2ccc(OC(C)=O)cc2)c2ccccn2)cc1,vNo-DILI-concern,0
Benztropine mesylate,CN1C2CCC1CC(OC(c1ccccc1)c1ccccc1)C2,vNo-DILI-concern,0
Isoproterenol hydrochloride,CC(C)NCC(O)c1ccc(O)c(O)c1,vNo-DILI-concern,0
Nesiritide,CCC(C)C1NC(=O)C(CCCNC(=N)N)NC(=O)C(CC(=O)O)NC(=O)C(CCSC)NC(=O)C(CCCCN)NC(=O)C(CCCNC(=N)N)NC(=O)CNC(=O)C(Cc2ccccc2)NC(=O)C(NC(=O)CNC(=O)C(CO)NC(=O)CNC(=O)C(CCC(N)=O)NC(=O)C(NC(=O)C(CCSC)NC(=O)C(CCCCN)NC(=O)C2CCCN2C(=O)C(N)CO)C(C)C)CSSCC(C(=O)NC(CCCCN)C(=O)NC(C(=O)NC(CC(C)C)C(=O)NC(CCCNC(=N)N)C(=O)NC(CCCNC(=N)N)C(=O)NC(Cc2c[nH]cn2)C(=O)O)C(C)C)NC(=O)CNC(=O)C(CC(C)C)NC(=O)CNC(=O)C(CO)NC(=O)C(CO)NC(=O)C(CO)NC(=O)C(CO)NC1=O,vNo-DILI-concern,0
Bethanechol chloride,CC(C[N+](C)(C)C)OC(N)=O,vNo-DILI-concern,0
Betrixaban,COc1ccc(NC(=O)c2ccc(C(=N)N(C)C)cc2)c(C(=O)Nc2ccc(Cl)cn2)c1,vNo-DILI-concern,0
Nalbuphine hydrochloride,Oc1ccc2c3c1OC1C(O)CCC4(O)C(C2)N(CC2CCC2)CCC314,vNo-DILI-concern,0
Cangrelor,CSCCNc1nc(SCCC(F)(F)F)nc2c1ncn2C1OC(COP(=O)(O)OP(=O)(O)C(Cl)(Cl)P(=O)(O)O)C(O)C1O,vNo-DILI-concern,0
Neomycin sulfate,NCC1OC(OC2C(CO)OC(OC3C(O)C(N)CC(N)C3OC3OC(CN)C(O)C(O)C3N)C2O)C(N)C(O)C1O,vNo-DILI-concern,0
Betaine,C[N+](C)(C)CC(=O)[O-],vNo-DILI-concern,0
Naldemedine tosylate,CC(C)(NC(=O)C1=C(O)C2Oc3c(O)ccc4c3C23CCN(CC2CC2)C(C4)C3(O)C1)c1nc(-c2ccccc2)no1,vNo-DILI-concern,0
Biperiden hydrochloride,OC(CCN1CCCCC1)(c1ccccc1)C1CC2C=CC1C2,vNo-DILI-concern,0
Nitrefazole,Cc1nc([N+](=O)[O-])cn1-c1ccc([N+](=O)[O-])cc1,vMost-DILI-concern,1
Methyldopa,CC(N)(Cc1ccc(O)c(O)c1)C(=O)O,vMost-DILI-concern,1
Fenclozic acid,O=C(O)Cc1csc(-c2ccc(Cl)cc2)n1,vMost-DILI-concern,1
Hydroxyurea,NC(=O)NO,vMost-DILI-concern,1
Felbamate,NC(=O)OCC(COC(N)=O)c1ccccc1,vMost-DILI-concern,1
Indomethacin,COc1ccc2c(c1)c(CC(=O)O)c(C)n2C(=O)c1ccc(Cl)cc1,vMost-DILI-concern,1
Febuxostat,Cc1nc(-c2ccc(OCC(C)C)c(C#N)c2)sc1C(=O)O,vMost-DILI-concern,1
Pentostatin,OCC1OC(n2cnc3c2NC=NCC3O)CC1O,vMost-DILI-concern,1
Nevirapine,Cc1ccnc2c1NC(=O)c1cccnc1N2C1CC1,vMost-DILI-concern,1
Oxandrolone,CC12COC(=O)CC1CCC1C2CCC2(C)C1CCC2(C)O,vMost-DILI-concern,1
Macitentan,CCCNS(=O)(=O)Nc1ncnc(OCCOc2ncc(Br)cn2)c1-c1ccc(Br)cc1,vMost-DILI-concern,1
Nilotinib hydrochloride,Cc1cn(-c2cc(NC(=O)c3ccc(C)c(Nc4nccc(-c5cccnc5)n4)c3)cc(C(F)(F)F)c2)cn1,vMost-DILI-concern,1
Etodolac,CCc1cccc2c3c([nH]c12)C(CC)(CC(=O)O)OCC3,vMost-DILI-concern,1
Nintedanib esylate,COC(=O)c1ccc2c(C(=Nc3ccc(N(C)C(=O)CN4CCN(C)CC4)cc3)c3ccccc3)c(O)[nH]c2c1,vMost-DILI-concern,1
Mepazine,CN1CCCC(CN2c3ccccc3Sc3ccccc32)C1,vMost-DILI-concern,1
Idelalisib,CCC(Nc1ncnc2nc[nH]c12)c1nc2cccc(F)c2c(=O)n1-c1ccccc1,vMost-DILI-concern,1
Mefenamic acid,Cc1cccc(Nc2ccccc2C(=O)O)c1C,vMost-DILI-concern,1
Methimazole,Cn1cc[nH]c1=S,vMost-DILI-concern,1
Pexidartinib hydrochloride,FC(F)(F)c1ccc(CNc2ccc(Cc3c[nH]c4ncc(Cl)cc34)cn2)cn1,vMost-DILI-concern,1
Niperotidine,CN(C)Cc1ccc(CSCCNC(=C[N+](=O)[O-])NCc2ccc3c(c2)OCO3)o1,vMost-DILI-concern,1
Nilutamide,CC1(C)NC(=O)N(c2ccc([N+](=O)[O-])c(C(F)(F)F)c2)C1=O,vMost-DILI-concern,1
Ibufenac,CC(C)Cc1ccc(CC(=O)O)cc1,vMost-DILI-concern,1
Imatinib mesylate,Cc1ccc(NC(=O)c2ccc(CN3CCN(C)CC3)cc2)cc1Nc1nccc(-c2cccnc2)n1,vMost-DILI-concern,1
Niacin,O=C(O)c1cccnc1,vMost-DILI-concern,1
Methotrexate sodium,CN(Cc1cnc2nc(N)nc(N)c2n1)c1ccc(C(=O)NC(CCC(=O)O)C(=O)O)cc1,vMost-DILI-concern,1
Etravirine,Cc1cc(C#N)cc(C)c1Oc1nc(Nc2ccc(C#N)cc2)nc(N)c1Br,vMost-DILI-concern,1
Mebanazine,CC(NN)c1ccccc1,vMost-DILI-concern,1
Exemestane,C=C1CC2C(CCC3(C)C(=O)CCC23)C2(C)C=CC(=O)C=C12,vMost-DILI-concern,1
Exifone,O=C(c1cc(O)c(O)c(O)c1)c1ccc(O)c(O)c1O,vMost-DILI-concern,1
Nialamide,O=C(CCNNC(=O)c1ccncc1)NCc1ccccc1,vMost-DILI-concern,1
Perhexiline,C1CCC(C(CC2CCCCN2)C2CCCCC2)CC1,vMost-DILI-concern,1
Falnidamol,CN1CCC(Nc2ncc3ncnc(Nc4ccc(F)c(Cl)c4)c3n2)CC1,vMost-DILI-concern,1
Maraviroc,Cc1nnc(C(C)C)n1C1CC2CCC(C1)N2CCC(NC(=O)C1CCC(F)(F)CC1)c1ccccc1,vMost-DILI-concern,1
Ibrutinib,C=CC(=O)N1CCCC(n2nc(-c3ccc(Oc4ccccc4)cc3)c3c(N)ncnc32)C1,vMost-DILI-concern,1
Nitrofurantoin,O=C1CN(N=Cc2ccc([N+](=O)[O-])o2)C(=O)N1,vMost-DILI-concern,1
Isaxonine,CC(C)Nc1ncccn1,vMost-DILI-concern,1
Lumiracoxib,Cc1ccc(Nc2c(F)cccc2Cl)c(CC(=O)O)c1,vMost-DILI-concern,1
Fenoprofen calcium,CC(C(=O)O)c1cccc(Oc2ccccc2)c1,vMost-DILI-concern,1
Gefitinib,COc1cc2ncnc(Nc3ccc(F)c(Cl)c3)c2cc1OCCCN1CCOCC1,vMost-DILI-concern,1
Itraconazole,CCC(C)n1ncn(-c2ccc(N3CCN(c4ccc(OCC5COC(Cn6cncn6)(c6ccc(Cl)cc6Cl)O5)cc4)CC3)cc2)c1=O,vMost-DILI-concern,1
Nandrolone phenpropionate,CC12CCC3C4CCC(=O)C=C4CCC3C1CCC2OC(=O)CCc1ccccc1,vMost-DILI-concern,1
Pazopanib hydrochloride,Cc1ccc(Nc2nccc(N(C)c3ccc4c(C)n(C)nc4c3)n2)cc1S(N)(=O)=O,vMost-DILI-concern,1
Levofloxacin,CC1COc2c(N3CCN(C)CC3)c(F)cc3c(=O)c(C(=O)O)cn1c23,vMost-DILI-concern,1
Papaverine hydrochloride,COc1ccc(Cc2nccc3cc(OC)c(OC)cc23)cc1OC,vMost-DILI-concern,1
Flutamide,CC(C)C(=O)Nc1ccc([N+](=O)[O-])c(C(F)(F)F)c1,vMost-DILI-concern,1
Ketoconazole,CC(=O)N1CCN(c2ccc(OCC3COC(Cn4ccnc4)(c4ccc(Cl)cc4Cl)O3)cc2)CC1,vMost-DILI-concern,1
Labetalol hydrochloride,CC(CCc1ccccc1)NCC(O)c1ccc(O)c(C(N)=O)c1,vMost-DILI-concern,1
Milnacipran hydrochloride,CCN(CC)C(=O)C1(c2ccccc2)CC1CN,vMost-DILI-concern,1
Minocycline hydrochloride,CN(C)c1ccc(O)c2c1CC1CC3C(N(C)C)C(=O)C(C(N)=O)=C(O)C3(O)C(=O)C1=C2O,vMost-DILI-concern,1
Oxyphenisatin,O=C1Nc2ccccc2C1(c1ccc(O)cc1)c1ccc(O)cc1,vMost-DILI-concern,1
Lamotrigine,Nc1nnc(-c2cccc(Cl)c2Cl)c(N)n1,vMost-DILI-concern,1
Moxisylyte,CC(=O)Oc1cc(C(C)C)c(OCCN(C)C)cc1C,vMost-DILI-concern,1
Oxymetholone,CC12CC(=CO)C(=O)CC1CCC1C2CCC2(C)C1CCC2(C)O,vMost-DILI-concern,1
Lapatinib ditosylate,CS(=O)(=O)CCNCc1ccc(-c2ccc3ncnc(Nc4ccc(OCc5cccc(F)c5)c(Cl)c4)c3c2)o1,vMost-DILI-concern,1
Leflunomide,Cc1oncc1C(=O)Nc1ccc(C(F)(F)F)cc1,vMost-DILI-concern,1
Fosphenytoin sodium,O=C1NC(c2ccccc2)(c2ccccc2)C(=O)N1COP(=O)(O)O,vMost-DILI-concern,1
Oxaliplatin,NC1CCCCC1N,vMost-DILI-concern,1
Gemcitabine hydrochloride,Nc1ccn(C2OC(CO)C(O)C2(F)F)c(=O)n1,vMost-DILI-concern,1
Gemfibrozil,Cc1ccc(C)c(OCCCC(C)(C)C(=O)O)c1,vMost-DILI-concern,1
Pemoline,NC1=NC(=O)C(c2ccccc2)O1,vMost-DILI-concern,1
Fipexide,O=C(COc1ccc(Cl)cc1)N1CCN(Cc2ccc3c(c2)OCO3)CC1,vMost-DILI-concern,1
Interferon alfa-2b,CCCN(CCOc1c(Cl)cc(Cl)cc1Cl)C(=O)n1ccnc1,vMost-DILI-concern,1
Nomifensine,CN1Cc2c(N)cccc2C(c2ccccc2)C1,vMost-DILI-concern,1
Iproniazid,CC(C)NNC(=O)c1ccncc1,vMost-DILI-concern,1
Nortriptyline hydrochloride,CNCCC=C1c2ccccc2CCc2ccccc21,vMost-DILI-concern,1
Fialuridine,O=c1[nH]c(=O)n(C2OC(CO)C(O)C2F)cc1I,vMost-DILI-concern,1
Fiduxosin,COc1cccc2c1C1CN(CCCCn3c(=O)[nH]c4c(sc5ncc(-c6ccccc6)nc54)c3=O)CC1CO2,vMost-DILI-concern,1
Obeticholic acid,CCC1C(O)C2C3CCC(C(C)CCC(=O)O)C3(C)CCC2C2(C)CCC(O)CC12,vMost-DILI-concern,1
Fingolimod hydrochloride,CCCCCCCCc1ccc(CCC(N)(CO)CO)cc1,vMost-DILI-concern,1
Isoniazid,NNC(=O)c1ccncc1,vMost-DILI-concern,1
Fluconazole,OC(Cn1cncn1)(Cn1cncn1)c1ccc(F)cc1F,vMost-DILI-concern,1
Lomitapide mesylate,O=C(NC1CCN(CCCCC2(C(=O)NCC(F)(F)F)c3ccccc3-c3ccccc32)CC1)c1ccccc1-c1ccc(C(F)(F)F)cc1,vMost-DILI-concern,1
Griseofulvin,COC1=CC(=O)CC(C)C12Oc1c(Cl)c(OC)cc(OC)c1C2=O,vMost-DILI-concern,1
Nefazodone hydrochloride,CCc1nn(CCCN2CCN(c3cccc(Cl)c3)CC2)c(=O)n1CCOc1ccccc1,vMost-DILI-concern,1
Isotretinoin,CC(C=CC1=C(C)CCCC1(C)C)=CC=CC(C)=CC(=O)O,vMost-DILI-concern,1
Glafenine,O=C(OCC(O)CO)c1ccccc1Nc1ccnc2cc(Cl)ccc12,vMost-DILI-concern,1
Mexiletine hydrochloride,Cc1cccc(C)c1OCC(C)N,vMost-DILI-concern,1
Orlistat,CCCCCCCCCCCC(CC1OC(=O)C1CCCCCC)OC(=O)C(CC(C)C)NC=O,vMost-DILI-concern,1
Micafungin sodium,CCCCCOc1ccc(-c2cc(-c3ccc(C(=O)NC4CC(O)C(O)NC(=O)C5C(O)C(C)CN5C(=O)C(C(O)CC(N)=O)NC(=O)C(C(O)C(O)c5ccc(O)c(OS(=O)(=O)O)c5)NC(=O)C5CC(O)CN5C(=O)C(C(C)O)NC4=O)cc3)no2)cc1,vMost-DILI-concern,1
Nimesulide,CS(=O)(=O)Nc1ccc([N+](=O)[O-])cc1Oc1ccccc1,vMost-DILI-concern,1
Mercaptopurine,S=c1nc[nH]c2nc[nH]c12,vMost-DILI-concern,1
Sorafenib tosylate,CNC(=O)c1cc(Oc2ccc(NC(=O)Nc3ccc(Cl)c(C(F)(F)F)c3)cc2)ccn1,vMost-DILI-concern,1
Riluzole,Nc1nc2ccc(OC(F)(F)F)cc2s1,vMost-DILI-concern,1
Cytarabine,Nc1ccn(C2OC(CO)C(O)C2O)c(=O)n1,vMost-DILI-concern,1
Rifampin,COC1C=COC2(C)Oc3c(C)c(O)c4c(O)c(c(C=NN5CCN(C)CC5)c(O)c4c3C2=O)NC(=O)C(C)=CC=CC(C)C(O)C(C)C(O)C(C)C(OC(C)=O)C1C,vMost-DILI-concern,1
Dacarbazine,CN(C)N=Nc1nc[nH]c1C(N)=O,vMost-DILI-concern,1
Bromfenac sodium,Nc1c(CC(=O)O)cccc1C(=O)c1ccc(Br)cc1,vMost-DILI-concern,1
Tizanidine hydrochloride,Clc1ccc2nsnc2c1NC1=NCCN1,vMost-DILI-concern,1
Dactinomycin,Cc1c2oc3c(C)ccc(C(=O)NC4C(=O)NC(C(C)C)C(=O)N5CCCC5C(=O)N(C)CC(=O)N(C)C(C(C)C)C(=O)OC4C)c3nc-2c(C(=O)NC2C(=O)NC(C(C)C)C(=O)N3CCCC3C(=O)N(C)CC(=O)N(C)C(C(C)C)C(=O)OC2C)c(N)c1=O,vMost-DILI-concern,1
Danazol,C#CC1(O)CCC2C3CCC4=Cc5oncc5CC4(C)C3CCC21C,vMost-DILI-concern,1
Dantrolene sodium,O=C1N=C(O)CN1N=Cc1ccc(-c2ccc([N+](=O)[O-])cc2)o1,vMost-DILI-concern,1
Ribociclib succinate,CN(C)C(=O)c1cc2cnc(Nc3ccc(N4CCNCC4)cn3)nc2n1C1CCCC1,vMost-DILI-concern,1
Bosutinib monohydrate,COc1cc(Nc2c(C#N)cnc3cc(OCCCN4CCN(C)CC4)c(OC)cc23)c(Cl)cc1Cl,vMost-DILI-concern,1
Bosentan,COc1ccccc1Oc1c(NS(=O)(=O)c2ccc(C(C)(C)C)cc2)nc(-c2ncccn2)nc1OCCO,vMost-DILI-concern,1
Bortezomib,CC(C)CC(NC(=O)C(Cc1ccccc1)NC(=O)c1cnccn1)B(O)O,vMost-DILI-concern,1
Tolcapone,Cc1ccc(C(=O)c2cc(O)c(O)c([N+](=O)[O-])c2)cc1,vMost-DILI-concern,1
Bicalutamide,CC(O)(CS(=O)(=O)c1ccc(F)cc1)C(=O)Nc1ccc(C#N)c(C(F)(F)F)c1,vMost-DILI-concern,1
Darunavir,CC(C)CN(CC(O)C(Cc1ccccc1)NC(=O)OC1COC2OCCC12)S(=O)(=O)c1ccc(N)cc1,vMost-DILI-concern,1
Bexarotene,C=C(c1ccc(C(=O)O)cc1)c1cc2c(cc1C)C(C)(C)CCC2(C)C,vMost-DILI-concern,1
Deferasirox,O=C(O)c1ccc(-n2nc(-c3ccccc3O)nc2-c2ccccc2O)cc1,vMost-DILI-concern,1
Tolrestat,COc1ccc2c(C(=S)N(C)CC(=O)O)cccc2c1C(F)(F)F,vMost-DILI-concern,1
Tolvaptan,Cc1ccccc1C(=O)Nc1ccc(C(=O)N2CCCC(O)c3cc(Cl)ccc32)c(C)c1,vMost-DILI-concern,1
Regorafenib,CNC(=O)c1cc(Oc2ccc(NC(=O)Nc3ccc(Cl)c(C(F)(F)F)c3)c(F)c2)ccn1,vMost-DILI-concern,1
Benziodarone,CCc1oc2ccccc2c1C(=O)c1cc(I)c(O)c(I)c1,vMost-DILI-concern,1
Benzbromarone,CCc1oc2ccccc2c1C(=O)c1cc(Br)c(O)c(Br)c1,vMost-DILI-concern,1
Benzarone,CCc1oc2ccccc2c1C(=O)c1ccc(O)cc1,vMost-DILI-concern,1
Benoxaprofen,CC(C(=O)O)c1ccc2oc(-c3ccc(Cl)cc3)nc2c1,vMost-DILI-concern,1
Bendazac,O=C(O)COc1nn(Cc2ccccc2)c2ccccc12,vMost-DILI-concern,1
Tipranavir,CCCC1(CCc2ccccc2)CC(O)=C(C(CC)c2cccc(NS(=O)(=O)c3ccc(C(F)(F)F)cn3)c2)C(=O)O1,vMost-DILI-concern,1
Cyclosporine,CC=CCC(C)C(O)C1C(=O)NC(CC)C(=O)N(C)CC(=O)N(C)C(CC(C)C)C(=O)NC(C(C)C)C(=O)N(C)C(CC(C)C)C(=O)NC(C)C(=O)NC(C)C(=O)N(C)C(CC(C)C)C(=O)N(C)C(CC(C)C)C(=O)N(C)C(C(C)C)C(=O)N1C,vMost-DILI-concern,1
Triacetyldiphenolisatin,CC(=O)Oc1ccc(C2(c3ccc(OC(C)=O)cc3)C(=O)N(C(C)=O)c3ccccc32)cc1,vMost-DILI-concern,1
Cyclofenil,CC(=O)Oc1ccc(C(=C2CCCCC2)c2ccc(OC(C)=O)cc2)cc1,vMost-DILI-concern,1
Chlorzoxazone,O=c1[nH]c2cc(Cl)ccc2o1,vMost-DILI-concern,1
Chlormezanone,CN1C(=O)CCS(=O)(=O)C1c1ccc(Cl)cc1,vMost-DILI-concern,1
Sitaxsentan,Cc1cc2c(cc1CC(=O)c1sccc1S(=O)(=O)Nc1onc(C)c1Cl)OCO2,vMost-DILI-concern,1
Clarithromycin,CCC1OC(=O)C(C)C(OC2CC(C)(OC)C(O)C(C)O2)C(C)C(OC2OC(C)CC(N(C)C)C2O)C(C)(OC)CC(C)C(=O)C(C)C(O)C1(C)O,vMost-DILI-concern,1
Ceritinib,Cc1cc(Nc2ncc(Cl)c(Nc3ccccc3S(=O)(=O)C(C)C)n2)c(OC(C)C)cc1C1CCNCC1,vMost-DILI-concern,1
Stavudine,Cc1cn(C2C=CC(CO)O2)c(=O)[nH]c1=O,vMost-DILI-concern,1
Sulfathiazole,Nc1ccc(S(=O)(=O)Nc2nccs2)cc1,vMost-DILI-concern,1
Sulindac,CC1=C(CC(=O)O)c2cc(F)ccc2C1=Cc1ccc(S(C)=O)cc1,vMost-DILI-concern,1
Clomacran,CN(C)CCCC1c2ccccc2Nc2ccc(Cl)cc21,vMost-DILI-concern,1
Sunitinib malate,CCN(CC)CCNC(=O)c1c(C)[nH]c(C=C2C(=O)Nc3ccc(F)cc32)c1C,vMost-DILI-concern,1
Tamoxifen citrate,CCC(=C(c1ccccc1)c1ccc(OCCN(C)C)cc1)c1ccccc1,vMost-DILI-concern,1
Telithromycin,CCC1OC(=O)C(C)C(=O)C(C)C(OC2OC(C)CC(N(C)C)C2O)C(C)(OC)CC(C)C(=O)C(C)C2N(CCCCn3cnc(-c4cccnc4)c3)C(=O)OC12C,vMost-DILI-concern,1
Clometacin,COc1ccc2c(C(=O)c3ccc(Cl)cc3)c(C)n(CC(=O)O)c2c1,vMost-DILI-concern,1
Carfilzomib,CC(C)CC(NC(=O)C(CCc1ccccc1)NC(=O)CN1CCOCC1)C(=O)NC(Cc1ccccc1)C(=O)NC(CC(C)C)C(=O)C1(C)CO1,vMost-DILI-concern,1
Clomipramine hydrochloride,CN(C)CCCN1c2ccccc2CCc2ccc(Cl)cc21,vMost-DILI-concern,1
Carbamazepine,NC(=O)N1c2ccccc2C=Cc2ccccc21,vMost-DILI-concern,1
Terbinafine hydrochloride,CN(CC=CC#CC(C)(C)C)Cc1cccc2ccccc12,vMost-DILI-concern,1
Clozapine,CN1CCN(C2=Nc3cc(Cl)ccc3Nc3ccccc32)CC1,vMost-DILI-concern,1
Teriflunomide,CC(O)=C(C#N)C(=O)Nc1ccc(C(F)(F)F)cc1,vMost-DILI-concern,1
Tetrabamate,CCCCCOC(CN1C(=O)N(CC(COCCCC)OC(N)=O)C(=O)C(CC)(c2ccccc2)C1=O)OC(N)=O,vMost-DILI-concern,1
Thiabendazole,c1ccc2[nH]c(-c3cscn3)nc2c1,vMost-DILI-concern,1
Busulfan,CS(=O)(=O)OCCCCOS(C)(=O)=O,vMost-DILI-concern,1
Ritonavir,CC(C)c1nc(CN(C)C(=O)NC(C(=O)NC(Cc2ccccc2)CC(O)C(Cc2ccccc2)NC(=O)OCc2cncs2)C(C)C)cs1,vMost-DILI-concern,1
Ticrynafen,O=C(O)COc1ccc(C(=O)c2cccs2)c(Cl)c1Cl,vMost-DILI-concern,1
Crizotinib,CC(Oc1cc(-c2cnn(C3CCNCC3)c2)cnc1N)c1c(Cl)ccc(F)c1Cl,vMost-DILI-concern,1
Raltegravir potassium,Cc1nnc(C(=O)NC(C)(C)c2nc(C(=O)NCc3ccc(F)cc3)c(O)c(=O)n2C)o1,vMost-DILI-concern,1
Azathioprine,Cn1cnc([N+](=O)[O-])c1Sc1ncnc2nc[nH]c12,vMost-DILI-concern,1
Ciprofloxacin hydrochloride,O=C(O)c1cn(C2CC2)c2cc(N3CCNCC3)c(F)cc2c1=O,vMost-DILI-concern,1
Ebrotidine,NC(N)=Nc1nc(CSCCN=CNS(=O)(=O)c2ccc(Br)cc2)cs1,vMost-DILI-concern,1
Ximelagatran,CCOC(=O)CNC(C(=O)N1CCC1C(=O)NCc1ccc(C(N)=NO)cc1)C1CCCCC1,vMost-DILI-concern,1
Efavirenz,O=C1Nc2ccc(Cl)cc2C(C#CC2CC2)(C(F)(F)F)O1,vMost-DILI-concern,1
Zafirlukast,COc1cc(C(=O)NS(=O)(=O)c2ccccc2C)ccc1Cc1cn(C)c2ccc(NC(=O)OC3CCCC3)cc12,vMost-DILI-concern,1
Eltrombopag olamine,Cc1ccc(-n2[nH]c(C)c(N=Nc3cccc(-c4cccc(C(=O)O)c4)c3O)c2=O)cc1C,vMost-DILI-concern,1
Acitretin,COc1cc(C)c(C=CC(C)=CC=CC(C)=CC(=O)O)c(C)c1C,vMost-DILI-concern,1
Zanubrutinib,C=CC(=O)N1CCC(C2CCNc3c(C(N)=O)c(-c4ccc(Oc5ccccc5)cc4)nn32)CC1,vMost-DILI-concern,1
Acetazolamide,CC(=O)Nc1nnc(S(N)(=O)=O)s1,vMost-DILI-concern,1
Acetaminophen,CC(=O)Nc1ccc(O)cc1,vMost-DILI-concern,1
Zidovudine,Cc1cn(C2CC(N=[N+]=[N-])C(CO)O2)c(=O)[nH]c1=O,vMost-DILI-concern,1
Zileuton,CC(c1cc2ccccc2s1)N(O)C(N)=O,vMost-DILI-concern,1
Pralnacasan,CCOC1OC(=O)CC1NC(=O)C1CCCN2C(=O)CCC(NC(=O)c3nccc4ccccc34)C(=O)N12,vMost-DILI-concern,1
Posaconazole,CCC(C(C)O)n1ncn(-c2ccc(N3CCN(c4ccc(OCC5COC(Cn6cncn6)(c6ccc(F)cc6F)C5)cc4)CC3)cc2)c1=O,vMost-DILI-concern,1
Pomalidomide,Nc1cccc2c1C(=O)N(C1CCC(=O)NC1=O)C2=O,vMost-DILI-concern,1
Pirprofen,CC(C(=O)O)c1ccc(N2CC=CC2)c(Cl)c1,vMost-DILI-concern,1
Acarbose,CC1OC(OC2C(CO)OC(OC(C(O)CO)C(O)C(O)C=O)C(O)C2O)C(O)C(O)C1NC1C=C(CO)C(O)C(O)C1O,vMost-DILI-concern,1
Pirfenidone,Cc1ccc(=O)n(-c2ccccc2)c1,vMost-DILI-concern,1
Pipamazine,NC(=O)C1CCN(CCCN2c3ccccc3Sc3ccc(Cl)cc32)CC1,vMost-DILI-concern,1
Erlotinib hydrochloride,C#Cc1cccc(Nc2ncnc3cc(OCCOC)c(OCCOC)cc23)c1,vMost-DILI-concern,1
Zimelidine,CN(C)CC=C(c1ccc(Br)cc1)c1cccnc1,vMost-DILI-concern,1
Abiraterone acetate,CC(=O)OC1CCC2(C)C(=CCC3C2CCC2(C)C(c4cccnc4)=CCC32)C1,vMost-DILI-concern,1
Erythromycin estolate,CCC(=O)OC1C(OC2C(C)C(OC3CC(C)(OC)C(O)C(C)O3)C(C)C(=O)OC(CC)C(C)(O)C(O)C(C)C(=O)C(C)CC2(C)O)OC(C)CC1N(C)C,vMost-DILI-concern,1
Estramustine phosphate sodium,CC12CCC3c4ccc(OC(=O)N(CCCl)CCCl)cc4CCC3C1CCC2OP(=O)(O)O,vMost-DILI-concern,1
Phenytoin,O=C1NC(=O)C(c2ccccc2)(c2ccccc2)N1,vMost-DILI-concern,1
Phenoxypropazine,CC(COc1ccccc1)NN,vMost-DILI-concern,1
Ethambutol hydrochloride,CCC(CO)NCCNC(CC)CO,vMost-DILI-concern,1
Alaproclate,CC(N)C(=O)OC(C)(C)Cc1ccc(Cl)cc1,vMost-DILI-concern,1
Duloxetine hydrochloride,CNCCC(Oc1cccc2ccccc12)c1cccs1,vMost-DILI-concern,1
Troglitazone,Cc1c(C)c2c(c(C)c1O)CCC(C)(COc1ccc(CC3SC(=O)NC3=O)cc1)O2,vMost-DILI-concern,1
Droxicam,CN1c2c(oc(=O)n(-c3ccccn3)c2=O)-c2ccccc2S1(=O)=O,vMost-DILI-concern,1
Atorvastatin calcium,CC(C)c1c(C(=O)Nc2ccccc2)c(-c2ccccc2)c(-c2ccc(F)cc2)n1CCC(O)CC(O)CC(=O)O,vMost-DILI-concern,1
Atomoxetine hydrochloride,CNCCC(Oc1ccccc1C)c1ccccc1,vMost-DILI-concern,1
Trovafloxacin mesylate,NC1C2CN(c3nc4c(cc3F)c(=O)c(C(=O)O)cn4-c3ccc(F)cc3F)CC12,vMost-DILI-concern,1
Valproic acid,CCCC(CCC)C(=O)O,vMost-DILI-concern,1
Aplaviroc,CCCCN1C(=O)C(C(O)C2CCCCC2)NC(=O)C12CCN(Cc1ccc(Oc3ccc(C(=O)O)cc3)cc1)CC2,vMost-DILI-concern,1
Diclofenac sodium,O=C(O)Cc1ccccc1Nc1c(Cl)cccc1Cl,vMost-DILI-concern,1
Anidulafungin,CCCCCOc1ccc(-c2ccc(-c3ccc(C(=O)NC4CC(O)C(O)NC(=O)C5C(O)C(C)CN5C(=O)C(C(C)O)NC(=O)C(C(O)C(O)c5ccc(O)cc5)NC(=O)C5CC(O)CN5C(=O)C(C(C)O)NC4=O)cc3)cc2)cc1,vMost-DILI-concern,1
Didanosine,O=c1[nH]cnc2c1ncn2C1CCC(CO)O1,vMost-DILI-concern,1
Diflunisal,O=C(O)c1cc(-c2ccc(F)cc2F)ccc1O,vMost-DILI-concern,1
Diltiazem hydrochloride,COc1ccc(C2Sc3ccccc3N(CCN(C)C)C(=O)C2OC(C)=O)cc1,vMost-DILI-concern,1
Dimethyl fumarate,COC(=O)C=CC(=O)OC,vMost-DILI-concern,1
Amiodarone hydrochloride,CCCCc1oc2ccccc2c1C(=O)c1cc(I)c(OCCN(CC)CC)c(I)c1,vMost-DILI-concern,1
Amineptine,O=C(O)CCCCCCNC1c2ccccc2CCc2ccccc21,vMost-DILI-concern,1
Disulfiram,CCN(CC)C(=S)SSC(=S)N(CC)CC,vMost-DILI-concern,1
Dolutegravir sodium,CC1CCOC2Cn3cc(C(=O)NCc4ccc(F)cc4F)c(=O)c(O)c3C(=O)N12,vMost-DILI-concern,1
Propylthiouracil,CCCc1cc(=O)[nH]c(=S)[nH]1,vMost-DILI-concern,1
Alpidem,CCCN(CCC)C(=O)Cc1c(-c2ccc(Cl)cc2)nc2ccc(Cl)cn12,vMost-DILI-concern,1
Voriconazole,CC(c1ncncc1F)C(O)(Cn1cncn1)c1ccc(F)cc1F,vMost-DILI-concern,1
Allopurinol,O=c1[nH]cnc2[nH]ncc12,vMost-DILI-concern,1
Xenazoic acid,CCOC(Nc1ccc(C(=O)O)cc1)C(=O)c1ccc(-c2ccccc2)cc1,vMost-DILI-concern,1
Alclofenac,C=CCOc1ccc(CC(=O)O)cc1Cl,vMost-DILI-concern,1
Albendazole,CCCSc1ccc2nc(NC(=O)OC)[nH]c2c1,vMost-DILI-concern,1
Alatrofloxacin mesylate,CC(N)C(=O)NC(C)C(=O)NC1C2CN(c3nc4c(cc3F)c(=O)c(C(=O)O)cn4-c3ccc(F)cc3F)CC21,vMost-DILI-concern,1
Dronedarone hydrochloride,CCCCc1oc2ccc(NS(C)(=O)=O)cc2c1C(=O)c1ccc(OCCCN(CCCC)CCCC)cc1,vMost-DILI-concern,1
Cinchophen,O=C(O)c1cc(-c2ccccc2)nc2ccccc12,vMost-DILI-concern,1
Abacavir sulfate,Nc1nc(NC2CC2)c2ncn(C3C=CC(CO)C3)c2n1,vMOST-DILI-concern,1
Saxagliptin hydrochloride,N#CC1CC2CC2N1C(=O)C(N)C12CC3CC(CC(O)(C3)C1)C2,vLess-DILI-concern,1
Ulipristal acetate,CC(=O)OC1(C(C)=O)CCC2C3CCC4=CC(=O)CCC4=C3C(c3ccc(N(C)C)cc3)CC21C,vLess-DILI-concern,1
Valdecoxib,Cc1onc(-c2ccccc2)c1-c1ccc(S(N)(=O)=O)cc1,vLess-DILI-concern,1
Mifepristone,CC#CC1(O)CCC2C3CCC4=CC(=O)CCC4=C3C(c3ccc(N(C)C)cc3)CC21C,vLess-DILI-concern,1
Paroxetine hydrochloride,Fc1ccc(C2CCNCC2COc2ccc3c(c2)OCO3)cc1,vLess-DILI-concern,1
Valsartan,CCCCC(=O)N(Cc1ccc(-c2ccccc2-c2nn[nH]n2)cc1)C(C(=O)O)C(C)C,vLess-DILI-concern,1
Quetiapine fumarate,OCCOCCN1CCN(C2=Nc3ccccc3Sc3ccccc32)CC1,vLess-DILI-concern,1
Vancomycin hydrochloride,CNC(CC(C)C)C(=O)NC1C(=O)NC(CC(N)=O)C(=O)NC2C(=O)NC3C(=O)NC(C(=O)NC(C(=O)O)c4cc(O)cc(O)c4-c4cc3ccc4O)C(O)c3ccc(c(Cl)c3)Oc3cc2cc(c3OC2OC(CO)C(O)C(O)C2OC2CC(C)(N)C(O)C(C)O2)Oc2ccc(cc2Cl)C1O,vLess-DILI-concern,1
Pyrimethamine,CCc1nc(N)nc(N)c1-c1ccc(Cl)cc1,vLess-DILI-concern,1
Varenicline tartrate,c1cnc2cc3c(cc2n1)C1CNCC3C1,vLess-DILI-concern,1
Vemurafenib,CCCS(=O)(=O)Nc1ccc(F)c(C(=O)c2c[nH]c3ncc(-c4ccc(Cl)cc4)cc23)c1F,vLess-DILI-concern,1
Venetoclax,CC1(C)CCC(CN2CCN(c3ccc(C(=O)NS(=O)(=O)c4ccc(NCC5CCOCC5)c([N+](=O)[O-])c4)c(Oc4cnc5[nH]ccc5c4)c3)CC2)=C(c2ccc(Cl)cc2)C1,vLess-DILI-concern,1
Venlafaxine hydrochloride,COc1ccc(C(CN(C)C)C2(O)CCCCC2)cc1,vLess-DILI-concern,1
Metronidazole,Cc1ncc([N+](=O)[O-])n1CCO,vLess-DILI-concern,1
Metoprolol tartrate,COCCc1ccc(OCC(O)CNC(C)C)cc1,vLess-DILI-concern,1
Verapamil hydrochloride,COc1ccc(CCN(C)CCCC(C#N)(c2ccc(OC)c(OC)c2)C(C)C)cc1OC,vLess-DILI-concern,1
Metoclopramide hydrochloride,CCN(CC)CCNC(=O)c1cc(Cl)c(N)cc1OC,vLess-DILI-concern,1
Valaciclovir,CC(C)C(N)C(=O)OCCOCn1cnc2c(=O)[nH]c(N)nc21,vLess-DILI-concern,1
Quinapril hydrochloride,CCOC(=O)C(CCc1ccccc1)NC(C)C(=O)N1Cc2ccccc2CC1C(=O)O,vLess-DILI-concern,1
Saquinavir mesylate,CC(C)(C)NC(=O)C1CC2CCCCC2CN1CC(O)C(Cc1ccccc1)NC(=O)C(CC(N)=O)NC(=O)c1ccc2ccccc2n1,vLess-DILI-concern,1
Quinidine gluconate,C=CC1CN2CCC1CC2C(O)c1ccnc2ccc(OC)cc12,vLess-DILI-concern,1
Trandolapril,CCOC(=O)C(CCc1ccccc1)NC(C)C(=O)N1C(C(=O)O)CC2CCCCC21,vLess-DILI-concern,1
Tranylcypromine sulfate,NC1CC1c1ccccc1,vLess-DILI-concern,1
Mitoxantrone hydrochloride,O=C1c2c(O)ccc(O)c2C(=O)c2c(NCCNCCO)ccc(NCCNCCO)c21,vLess-DILI-concern,1
Trazodone hydrochloride,O=c1n(CCCN2CCN(c3cccc(Cl)c3)CC2)nc2ccccn12,vLess-DILI-concern,1
Mitomycin,COC12C(COC(N)=O)C3=C(C(=O)C(C)=C(N)C3=O)N1CC1NC12,vLess-DILI-concern,1
Mirtazapine,CN1CCN2c3ncccc3Cc3ccccc3C2C1,vLess-DILI-concern,1
Raloxifene hydrochloride,O=C(c1ccc(OCCN2CCCCC2)cc1)c1c(-c2ccc(O)cc2)sc2cc(O)ccc12,vLess-DILI-concern,1
Triamterene,Nc1nc(N)c2nc(-c3ccccc3)c(N)nc2n1,vLess-DILI-concern,1
Trifluoperazine hydrochloride,CN1CCN(CCCN2c3ccccc3Sc3ccc(C(F)(F)F)cc32)CC1,vLess-DILI-concern,1
Rabeprazole sodium,COCCCOc1ccnc(CS(=O)c2nc3ccccc3[nH]2)c1C,vLess-DILI-concern,1
Trimethoprim,COc1cc(Cc2cnc(N)nc2N)cc(OC)c1OC,vLess-DILI-concern,1
Triptorelin pamoate,CC(C)CC(NC(=O)C(Cc1c[nH]c2ccccc12)NC(=O)C(Cc1ccc(O)cc1)NC(=O)C(CO)NC(=O)C(Cc1c[nH]c2ccccc12)NC(=O)C(Cc1cnc[nH]1)NC(=O)C1CCC(=O)N1)C(=O)NC(CCCN=C(N)N)C(=O)N1CCCC1C(=O)NCC(N)=O,vLess-DILI-concern,1
Pantoprazole sodium,COc1ccnc(CS(=O)c2nc3cc(OC(F)F)ccc3[nH]2)c1OC,vLess-DILI-concern,1
Vinblastine sulfate,CCC1(O)CC2CN(CCc3c([nH]c4ccccc34)C(C(=O)OC)(c3cc4c(cc3OC)N(C)C3C(O)(C(=O)OC)C(OC(C)=O)C5(CC)C=CCN6CCC43C65)C2)C1,vLess-DILI-concern,1
Pyridostigmine bromide,CN(C)C(=O)Oc1ccc[n+](C)c1,vLess-DILI-concern,1
Methyltestosterone,CC12CCC(=O)C=C1CCC1C2CCC2(C)C1CCC2(C)O,vLess-DILI-concern,1
Methylprednisolone,CC1CC2C(C(O)CC3(C)C2CCC3(O)C(=O)CO)C2(C)C=CC(=O)C=C12,vLess-DILI-concern,1
Pentamidine isethionate,N=C(N)c1ccc(OCCCCCOc2ccc(C(=N)N)cc2)cc1,vLess-DILI-concern,1
Prednisone,CC12C=CC(=O)C=C1CCC1C2C(=O)CC2(C)C1CCC2(O)C(=O)CO,vLess-DILI-concern,1
Prednisolone,CC12C=CC(=O)C=C1CCC1C2C(O)CC2(C)C1CCC2(O)C(=O)CO,vLess-DILI-concern,1
Pravastatin sodium,CCC(C)C(=O)OC1CC(O)C=C2C=CC(C)C(CCC(O)CC(O)CC(=O)O)C21,vLess-DILI-concern,1
Methazolamide,CC(=O)N=c1sc(S(N)(=O)=O)nn1C,vLess-DILI-concern,1
Prasugrel hydrochloride,CC(=O)Oc1cc2c(s1)CCN(C(C(=O)C1CC1)c1ccccc1F)C2,vLess-DILI-concern,1
Piroxicam,CN1C(C(=O)Nc2ccccn2)=C(O)c2ccccc2S1(=O)=O,vLess-DILI-concern,1
Metformin hydrochloride,CN(C)C(=N)N=C(N)N,vLess-DILI-concern,1
Metaxalone,Cc1cc(C)cc(OCC2CNC(=O)O2)c1,vLess-DILI-concern,1
Pioglitazone hydrochloride,CCc1ccc(CCOc2ccc(CC3SC(=O)NC3=O)cc2)nc1,vLess-DILI-concern,1
Mesalamine,Nc1ccc(O)c(C(=O)O)c1,vLess-DILI-concern,1
Ziprasidone hydrochloride,O=C1Cc2cc(CCN3CCN(c4nsc5ccccc45)CC3)c(Cl)cc2N1,vLess-DILI-concern,1
Perphenazine,OCCN1CCN(CCCN2c3ccccc3Sc3ccc(Cl)cc32)CC1,vLess-DILI-concern,1
Zoledronic acid,O=P(O)(O)C(O)(Cn1ccnc1)P(=O)(O)O,vLess-DILI-concern,1
Meropenem,CC(O)C1C(=O)N2C(C(=O)O)=C(SC3CNC(C(=O)N(C)C)C3)C(C)C12,vLess-DILI-concern,1
Pregabalin,CC(C)CC(CN)CC(=O)O,vLess-DILI-concern,1
Procainamide hydrochloride,CCN(CC)CCNC(=O)c1ccc(N)cc1,vLess-DILI-concern,1
Procarbazine hydrochloride,CNNCc1ccc(C(=O)NC(C)C)cc1,vLess-DILI-concern,1
Vortioxetine hydrobromide,Cc1ccc(Sc2ccccc2N2CCNCC2)c(C)c1,vLess-DILI-concern,1
Methylphenidate hydrochloride,COC(=O)C(c1ccccc1)C1CCCCN1,vLess-DILI-concern,1
Pyrazinamide,NC(=O)c1cnccn1,vLess-DILI-concern,1
Vincristine sulfate,CCC1(O)CC2CN(CCc3c([nH]c4ccccc34)C(C(=O)OC)(c3cc4c(cc3OC)N(C=O)C3C(O)(C(=O)OC)C(OC(C)=O)C5(CC)C=CCN6CCC43C65)C2)C1,vLess-DILI-concern,1
Vitamin A palmitate,CCCCCCCCCCCCCCCC(=O)OCC=C(C)C=CC=C(C)C=CC1=C(C)CCCC1(C)C,vLess-DILI-concern,1
Propoxyphene hydrochloride,CCC(=O)OC(Cc1ccccc1)(c1ccccc1)C(C)CN(C)C,vLess-DILI-concern,1
Propofol,CC(C)c1cccc(C(C)C)c1O,vLess-DILI-concern,1
Penicillamine,CC(C)(S)C(N)C(=O)O,vLess-DILI-concern,1
Prochlorperazine maleate,CN1CCN(CCCN2c3ccccc3Sc3ccc(Cl)cc32)CC1,vLess-DILI-concern,1
Warfarin sodium,CC(=O)CC(c1ccccc1)c1c(O)c2ccccc2oc1=O,vLess-DILI-concern,1
Propafenone hydrochloride,CCCNCC(O)COc1ccccc1C(=O)CCc1ccccc1,vLess-DILI-concern,1
Promethazine hydrochloride,CC(CN1c2ccccc2Sc2ccccc21)N(C)C,vLess-DILI-concern,1
Progesterone,CC(=O)C1CCC2C3CCC4=CC(=O)CCC4(C)C3CCC12C,vLess-DILI-concern,1
Penicillin g benzathine,CC1(C)SC2C(NC(=O)Cc3ccccc3)C(=O)N2C1C(=O)O,vLess-DILI-concern,1
Methoxsalen,COc1c2occc2cc2ccc(=O)oc12,vLess-DILI-concern,1
Trametinib dimethyl sulfoxide,CC(=O)Nc1cccc(-n2c(=O)n(C3CC3)c(=O)c3c(Nc4ccc(I)cc4F)n(C)c(=O)c(C)c32)c1,vLess-DILI-concern,1
Modafinil,NC(=O)CS(=O)C(c1ccccc1)c1ccccc1,vLess-DILI-concern,1
Montelukast sodium,CC(C)(O)c1ccccc1CCC(SCC1(CC(=O)O)CC1)c1cccc(C=Cc2ccc3ccc(Cl)cc3n2)c1,vLess-DILI-concern,1
Rivastigmine tartrate,CCN(C)C(=O)Oc1cccc(C(C)N(C)C)c1,vLess-DILI-concern,1
Sulfadiazine,Nc1ccc(S(=O)(=O)Nc2ncccn2)cc1,vLess-DILI-concern,1
Olaparib,O=C(c1cc(Cc2n[nH]c(=O)c3ccccc23)ccc1F)N1CCN(C(=O)C2CC2)CC1,vLess-DILI-concern,1
Olmesartan medoxomil,CCCc1nc(C(C)(C)O)c(C(=O)OCc2oc(=O)oc2C)n1Cc1ccc(-c2ccccc2-c2nn[nH]n2)cc1,vLess-DILI-concern,1
Olsalazine sodium,O=C(O)c1cc(N=Nc2ccc(O)c(C(=O)O)c2)ccc1O,vLess-DILI-concern,1
Tacrolimus,C=CCC1C=C(C)CC(C)CC(OC)C2OC(O)(C(=O)C(=O)N3CCCCC3C(=O)OC(C(C)=CC3CCC(O)C(OC)C3)C(C)C(O)CC1=O)C(C)CC2OC,vLess-DILI-concern,1
Nifedipine,COC(=O)C1=C(C)NC(C)=C(C(=O)OC)C1c1ccccc1[N+](=O)[O-],vLess-DILI-concern,1
Omeprazole,COc1ccc2nc(S(=O)Cc3ncc(C)c(OC)c3C)[nH]c2c1,vLess-DILI-concern,1
Tamsulosin hydrochloride,CCOc1ccccc1OCCNC(C)Cc1ccc(OC)c(S(N)(=O)=O)c1,vLess-DILI-concern,1
Ondansetron hydrochloride,Cc1nccn1CC1CCc2c(c3ccccc3n2C)C1=O,vLess-DILI-concern,1
Rosiglitazone maleate,CN(CCOc1ccc(CC2SC(=O)NC2=O)cc1)c1ccccn1,vLess-DILI-concern,1
Telmisartan,CCCc1nc2c(C)cc(-c3nc4ccccc4n3C)cc2n1Cc1ccc(-c2ccccc2C(=O)O)cc1,vLess-DILI-concern,1
Temozolomide,Cn1nnc2c(C(N)=O)ncn2c1=O,vLess-DILI-concern,1
Teniposide,COc1cc(C2c3cc4c(cc3C(OC3OC5COC(c6cccs6)OC5C(O)C3O)C3COC(=O)C23)OCO4)cc(OC)c1O,vLess-DILI-concern,1
Ropinirole hydrochloride,CCCN(CCC)CCc1cccc2c1CC(=O)N2,vLess-DILI-concern,1
Rizatriptan benzoate,CN(C)CCc1c[nH]c2ccc(Cn3cncn3)cc12,vLess-DILI-concern,1
Succimer,O=C(O)C(S)C(S)C(=O)O,vLess-DILI-concern,1
Rosuvastatin calcium,CC(C)c1nc(N(C)S(C)(=O)=O)nc(-c2ccc(F)cc2)c1C=CC(O)CC(O)CC(=O)O,vLess-DILI-concern,1
Spironolactone,CC(=O)SC1CC2=CC(=O)CCC2(C)C2CCC3(C)C(CCC34CCC(=O)O4)C12,vLess-DILI-concern,1
Sildenafil citrate,CCCc1nn(C)c2c(=O)[nH]c(-c3cc(S(=O)(=O)N4CCN(C)CC4)ccc3OCC)nc12,vLess-DILI-concern,1
Norfloxacin,CCn1cc(C(=O)O)c(=O)c2cc(F)c(N3CCNCC3)cc21,vLess-DILI-concern,1
Semaglutide,CCC(C)C(NC(=O)C(Cc1ccccc1)NC(=O)C(CCC(=O)O)NC(=O)C(CCCCNC(=O)COCCOCCNC(=O)COCCOCCNC(=O)CCC(NC(=O)CCCCCCCCCCCCCCCCC(=O)O)C(=O)O)NC(=O)C(C)NC(=O)C(C)NC(=O)C(CCC(N)=O)NC(=O)CNC(=O)C(CCC(=O)O)NC(=O)C(CC(C)C)NC(=O)C(Cc1ccc(O)cc1)NC(=O)C(CO)NC(=O)C(CO)NC(=O)C(NC(=O)C(CC(=O)O)NC(=O)C(CO)NC(=O)C(NC(=O)C(Cc1ccccc1)NC(=O)C(NC(=O)CNC(=O)C(CCC(=O)O)NC(=O)C(C)(C)NC(=O)C(N)Cc1cnc[nH]1)C(C)O)C(C)O)C(C)C)C(=O)NC(C)C(=O)NC(Cc1c[nH]c2ccccc12)C(=O)NC(CC(C)C)C(=O)NC(C(=O)NC(CCCNC(=N)N)C(=O)NCC(=O)NC(CCCNC(=N)N)C(=O)NCC(=O)O)C(C)C,vLess-DILI-concern,1
Octreotide acetate,CC(O)C(CO)NC(=O)C1CSSCC(NC(=O)C(N)Cc2ccccc2)C(=O)NC(Cc2ccccc2)C(=O)NC(Cc2c[nH]c3ccccc23)C(=O)NC(CCCCN)C(=O)NC(C(C)O)C(=O)N1,vLess-DILI-concern,1
Sertraline hydrochloride,CNC1CCC(c2ccc(Cl)c(Cl)c2)c2ccccc21,vLess-DILI-concern,1
Sibutramine hydrochloride,CC(C)CC(N(C)C)C1(c2ccc(Cl)cc2)CCC1,vLess-DILI-concern,1
Nizatidine,CNC(=C[N+](=O)[O-])NCCSCc1csc(CN(C)C)n1,vLess-DILI-concern,1
Simvastatin,CCC(C)(C)C(=O)OC1CC(C)C=C2C=CC(C)C(CCC3CC(O)CC(=O)O3)C21,vLess-DILI-concern,1
Phenobarbital sodium,CCC1(c2ccccc2)C(=O)N=C(O)NC1=O,vLess-DILI-concern,1
Sirolimus,COC1CC2CCC(C)C(O)(O2)C(=O)C(=O)N2CCCCC2C(=O)OC(C(C)CC2CCC(O)C(OC)C2)CC(=O)C(C)C=C(C)C(O)C(OC)C(=O)C(C)CC(C)C=CC=CC=C1C,vLess-DILI-concern,1
Sitagliptin phosphate,NC(CC(=O)N1CCn2c(nnc2C(F)(F)F)C1)Cc1cc(F)c(F)cc1F,vLess-DILI-concern,1
Olanzapine,Cc1cc2c(s1)Nc1ccccc1N=C2N1CCN(C)CC1,vLess-DILI-concern,1
Salsalate,O=C(Oc1ccccc1C(=O)O)c1ccccc1O,vLess-DILI-concern,1
Solifenacin succinate,O=C(OC1CN2CCC1CC2)N1CCc2ccccc2C1c1ccccc1,vLess-DILI-concern,1
Terbutaline sulfate,CC(C)(C)NCC(O)c1cc(O)cc(O)c1,vLess-DILI-concern,1
Teriparatide acetate,CCC(C)C(NC(=O)C(CCC(=O)O)NC(=O)C(CO)NC(=O)C(NC(=O)C(N)CO)C(C)C)C(=O)NC(CCC(N)=O)C(=O)NC(CC(C)C)C(=O)NC(CCSC)C(=O)NC(Cc1c[nH]cn1)C(=O)NC(CC(N)=O)C(=O)NC(CC(C)C)C(=O)NCC(=O)NC(CCCCN)C(=O)NC(Cc1c[nH]cn1)C(=O)NC(CC(C)C)C(=O)NC(CC(N)=O)C(=O)NC(CO)C(=O)NC(CCSC)C(=O)NC(CCC(=O)O)C(=O)NC(CCCNC(=N)N)C(=O)NC(C(=O)NC(CCC(=O)O)C(=O)NC(Cc1c[nH]c2ccccc12)C(=O)NC(CC(C)C)C(=O)NC(CCCNC(=N)N)C(=O)NC(CCCCN)C(=O)NC(CCCCN)C(=O)NC(CC(C)C)C(=O)NC(CCC(N)=O)C(=O)NC(CC(=O)O)C(=O)NC(C(=O)NC(Cc1c[nH]cn1)C(=O)NC(CC(N)=O)C(=O)NC(Cc1ccccc1)C(=O)O)C(C)C)C(C)C,vLess-DILI-concern,1
Tramadol hydrochloride,COc1cccc(C2(O)CCCCC2CN(C)C)c1,vLess-DILI-concern,1
Rivaroxaban,O=C(NCC1CN(c2ccc(N3CCOCC3=O)cc2)C(=O)O1)c1ccc(Cl)s1,vLess-DILI-concern,1
Tolmetin sodium,Cc1ccc(C(=O)c2ccc(CC(=O)O)n2C)cc1,vLess-DILI-concern,1
Oxycodone hydrochloride,COc1ccc2c3c1OC1C(=O)CCC4(O)C(C2)N(C)CCC314,vLess-DILI-concern,1
Repaglinide,CCOc1cc(CC(=O)NC(CC(C)C)c2ccccc2N2CCCCC2)ccc1C(=O)O,vLess-DILI-concern,1
Nafcillin sodium,CCOc1ccc2ccccc2c1C(=O)NC1C(=O)N2C1SC(C)(C)C2C(=O)O,vLess-DILI-concern,1
Remifentanil hydrochloride,CCC(=O)N(c1ccccc1)C1(C(=O)OC)CCN(CCC(=O)OC)CC1,vLess-DILI-concern,1
Tolterodine tartrate,Cc1ccc(O)c(C(CCN(C(C)C)C(C)C)c2ccccc2)c1,vLess-DILI-concern,1
Remdesivir,CCC(CC)COC(=O)C(C)NP(=O)(OCC1OC(C#N)(c2ccc3c(N)ncnn23)C(O)C1O)Oc1ccccc1,vLess-DILI-concern,1
Topiramate,CC1(C)OC2COC3(COS(N)(=O)=O)OC(C)(C)OC3C2O1,vLess-DILI-concern,1
Mycophenolate mofetil,COc1c(C)c2c(c(O)c1CC=C(C)CCC(=O)OCCN1CCOCC1)C(=O)OC2,vLess-DILI-concern,1
Paclitaxel,CC(=O)OC1C(=O)C2(C)C(O)CC3OCC3(OC(C)=O)C2C(OC(=O)c2ccccc2)C2(O)CC(OC(=O)C(O)C(NC(=O)c3ccccc3)c3ccccc3)C(C)=C1C2(C)C,vLess-DILI-concern,1
Ranitidine hydrochloride,CNC(=C[N+](=O)[O-])NCCSCc1ccc(CN(C)C)o1,vLess-DILI-concern,1
Moxifloxacin hydrochloride,COc1c(N2CC3CCCNC3C2)c(F)cc2c(=O)c(C(=O)O)cn(C3CC3)c12,vLess-DILI-concern,1
Palbociclib,CC(=O)c1c(C)c2cnc(Nc3ccc(N4CCNCC4)cn3)nc2n(C2CCCC2)c1=O,vLess-DILI-concern,1
Ramipril,CCOC(=O)C(CCc1ccccc1)NC(C)C(=O)N1C(C(=O)O)CC2CCCC21,vLess-DILI-concern,1
Paliperidone,Cc1nc2n(c(=O)c1CCN1CCC(c3noc4cc(F)ccc34)CC1)CCCC2O,vLess-DILI-concern,1
Oxybutynin chloride,CCN(CC)CC#CCOC(=O)C(O)(c1ccccc1)C1CCCCC1,vLess-DILI-concern,1
Tolazamide,Cc1ccc(S(=O)(=O)NC(=O)NN2CCCCCC2)cc1,vLess-DILI-concern,1
Oxcarbazepine,NC(=O)N1c2ccccc2CC(=O)c2ccccc21,vLess-DILI-concern,1
Osimertinib mesylate,C=CC(=O)Nc1cc(Nc2nccc(-c3cn(C)c4ccccc34)n2)c(OC)cc1N(C)CCN(C)C,vLess-DILI-concern,1
Nelfinavir mesylate,Cc1c(O)cccc1C(=O)NC(CSc1ccccc1)C(O)CN1CC2CCCCC2CC1C(=O)NC(C)(C)C,vLess-DILI-concern,1
Oseltamivir phosphate,CCOC(=O)C1=CC(OC(CC)CC)C(NC(C)=O)C(N)C1,vLess-DILI-concern,1
Nelarabine,COc1nc(N)nc2c1ncn2C1OC(CO)C(O)C1O,vLess-DILI-concern,1
Thioguanine,Nc1nc(=S)c2[nH]cnc2[nH]1,vLess-DILI-concern,1
Thioridazine hydrochloride,CSc1ccc2c(c1)N(CCC1CCCCN1C)c1ccccc1S2,vLess-DILI-concern,1
Thiotepa,S=P(N1CC1)(N1CC1)N1CC1,vLess-DILI-concern,1
Risperidone,Cc1nc2n(c(=O)c1CCN1CCC(c3noc4cc(F)ccc34)CC1)CCCC2,vLess-DILI-concern,1
Ribavirin,NC(=O)c1ncn(C2OC(CO)C(O)C2O)n1,vLess-DILI-concern,1
Tinidazole,CCS(=O)(=O)CCn1c([N+](=O)[O-])cnc1C,vLess-DILI-concern,1
Naproxen,COc1ccc2cc(C(C)C(=O)O)ccc2c1,vLess-DILI-concern,1
Rilpivirine hydrochloride,Cc1cc(C=CC#N)cc(C)c1Nc1ccnc(Nc2ccc(C#N)cc2)n1,vLess-DILI-concern,1
Oxacillin sodium,Cc1onc(-c2ccccc2)c1C(=O)NC1C(=O)N2C1SC(C)(C)C2C(=O)O,vLess-DILI-concern,1
Rifabutin,COC1C=COC2(C)Oc3c(C)c(O)c4c(O)c(c5c(c4c3C2=O)NC2(CCN(CC(C)C)CC2)N=5)=NC(=O)C(C)=CC=CC(C)C(O)C(C)C(O)C(C)C(OC(C)=O)C1C,vLess-DILI-concern,1
Oxaprozin,O=C(O)CCc1nc(-c2ccccc2)c(-c2ccccc2)o1,vLess-DILI-concern,1
Phenelzine sulfate,NNCCc1ccccc1,vLess-DILI-concern,1
Zonisamide,NS(=O)(=O)Cc1noc2ccccc12,vLess-DILI-concern,1
Mepivacaine hydrochloride,Cc1cccc(C)c1NC(=O)C1CCCCN1C,vLess-DILI-concern,1
Etoposide,COc1cc(C2c3cc4c(cc3C(OC3OC5COC(C)OC5C(O)C3O)C3COC(=O)C23)OCO4)cc(OC)c1O,vLess-DILI-concern,1
Capecitabine,CCCCCOC(=O)Nc1nc(=O)n(C2OC(C)C(O)C2O)cc1F,vLess-DILI-concern,1
Capmatinib hydrochloride,CNC(=O)c1ccc(-c2cnc3ncc(Cc4ccc5ncccc5c4)n3n2)cc1F,vLess-DILI-concern,1
Fenofibric acid,CC(C)(Oc1ccc(C(=O)c2ccc(Cl)cc2)cc1)C(=O)O,vLess-DILI-concern,1
Fenofibrate,CC(C)OC(=O)C(C)(C)Oc1ccc(C(=O)c2ccc(Cl)cc2)cc1,vLess-DILI-concern,1
Felodipine,CCOC(=O)C1=C(C)NC(C)=C(C(=O)OC)C1c1cccc(Cl)c1Cl,vLess-DILI-concern,1
Captopril,CC(CS)C(=O)N1CCCC1C(=O)O,vLess-DILI-concern,1
Carbenicillin disodium,CC1(C)SC2C(NC(=O)C(C(=O)O)c3ccccc3)C(=O)N2C1C(=O)O,vLess-DILI-concern,1
Famotidine,NC(N)=Nc1nc(CSCCC(N)=NS(N)(=O)=O)cs1,vLess-DILI-concern,1
Ezetimibe,O=C1C(CCC(O)c2ccc(F)cc2)C(c2ccc(O)cc2)N1c1ccc(F)cc1,vLess-DILI-concern,1
Carboplatin,O=C(O)C1(C(=O)O)CCC1,vLess-DILI-concern,1
Everolimus,COC1CC2CCC(C)C(O)(O2)C(=O)C(=O)N2CCCCC2C(=O)OC(C(C)CC2CCC(OCCO)C(OC)C2)CC(=O)C(C)C=C(C)C(O)C(OC)C(=O)C(C)CC(C)C=CC=CC=C1C,vLess-DILI-concern,1
Ethionamide,CCc1cc(C(N)=S)ccn1,vLess-DILI-concern,1
Flavoxate hydrochloride,Cc1c(-c2ccccc2)oc2c(C(=O)OCCN3CCCCC3)cccc2c1=O,vLess-DILI-concern,1
Carvedilol,COc1ccccc1OCCNCC(O)COc1cccc2[nH]c3ccccc3c12,vLess-DILI-concern,1
Eszopiclone,CN1CCN(C(=O)OC2c3nccnc3C(=O)N2c2ccc(Cl)cn2)CC1,vLess-DILI-concern,1
Cefaclor,NC(C(=O)NC1C(=O)N2C(C(=O)O)=C(Cl)CSC12)c1ccccc1,vLess-DILI-concern,1
Estradiol valerate,CCCCC(=O)OC1CCC2C3CCc4cc(O)ccc4C3CCC12C,vLess-DILI-concern,1
Cefadroxil hemihydrate,CC1=C(C(=O)O)N2C(=O)C(NC(=O)C(N)c3ccc(O)cc3)C2SC1,vLess-DILI-concern,1
Esomeprazole sodium,COc1ccc2[nH]c(S(=O)Cc3ncc(C)c(OC)c3C)nc2c1,vLess-DILI-concern,1
Cefazolin sodium,Cc1nnc(SCC2=C(C(=O)O)N3C(=O)C(NC(=O)Cn4cnnn4)C3SC2)s1,vLess-DILI-concern,1
Escitalopram oxalate,CN(C)CCCC1(c2ccc(F)cc2)OCc2cc(C#N)ccc21,vLess-DILI-concern,1
Cefdinir,C=CC1=C(C(=O)O)N2C(=O)C(NC(=O)C(=NO)c3csc(N)n3)C2SC1,vLess-DILI-concern,1
Cefditoren pivoxil,CON=C(C(=O)NC1C(=O)N2C(C(=O)OCOC(=O)C(C)(C)C)=C(C=Cc3scnc3C)CSC12)c1csc(N)n1,vLess-DILI-concern,1
Cefepime hydrochloride,CON=C(C(=O)NC1C(=O)N2C(C(=O)O)=C(C[N+]3(C)CCCC3)CSC12)c1csc(N)n1,vLess-DILI-concern,1
Finasteride,CC(C)(C)NC(=O)C1CCC2C3CCC4NC(=O)C=CC4(C)C3CCC12C,vLess-DILI-concern,1
Flecainide acetate,O=C(NCC1CCCCN1)c1cc(OCC(F)(F)F)ccc1OCC(F)(F)F,vLess-DILI-concern,1
Cefoperazone sodium,CCN1CCN(C(=O)NC(C(=O)NC2C(=O)N3C(C(=O)O)=C(CSc4nnnn4C)CSC23)c2ccc(O)cc2)C(=O)C1=O,vLess-DILI-concern,1
Gabapentin,NCC1(CC(=O)O)CCCCC1,vLess-DILI-concern,1
Hydralazine hydrochloride,NNc1nncc2ccccc12,vLess-DILI-concern,1
Heparin sodium,CC(=O)NC1C(O)OC(COS(=O)(=O)O)C(OC2OC(C(=O)O)C(OC3OC(CO)C(OC4OC(C(=O)O)C(O)C(O)C4OS(=O)(=O)O)C(OS(=O)(=O)O)C3NS(=O)(=O)O)C(O)C2OS(=O)(=O)O)C1O,vLess-DILI-concern,1
Haloperidol lactate,O=C(CCCN1CCC(O)(c2ccc(Cl)cc2)CC1)c1ccc(F)cc1,vLess-DILI-concern,1
Haloperidol decanoate,CCCCCCCCCC(=O)OC1(c2ccc(Cl)cc2)CCN(CCCC(=O)c2ccc(F)cc2)CC1,vLess-DILI-concern,1
Glyburide,COc1ccc(Cl)cc1C(=O)NCCc1ccc(S(=O)(=O)NC(=O)NC2CCCCC2)cc1,vLess-DILI-concern,1
Benazepril hydrochloride,CCOC(=O)C(CCc1ccccc1)NC1CCc2ccccc2N(CC(=O)O)C1=O,vLess-DILI-concern,1
Glipizide,Cc1cnc(C(=O)NCCc2ccc(S(=O)(=O)NC(=O)NC3CCCCC3)cc2)cn1,vLess-DILI-concern,1
Glimepiride,CCC1=C(C)CN(C(=O)NCCc2ccc(S(=O)(=O)NC(=O)NC3CCC(C)CC3)cc2)C1=O,vLess-DILI-concern,1
Bendroflumethiazide,NS(=O)(=O)c1cc2c(cc1C(F)(F)F)NC(Cc1ccccc1)NS2(=O)=O,vLess-DILI-concern,1
Gemifloxacin mesylate,CON=C1CN(c2nc3c(cc2F)c(=O)c(C(=O)O)cn3C2CC2)CC1CN,vLess-DILI-concern,1
Benzonatate,CCCCNc1ccc(C(=O)OCCOCCOCCOCCOCCOCCOCCOCCOCCOC)cc1,vLess-DILI-concern,1
Fospropofol disodium,CC(C)c1cccc(C(C)C)c1OCOP(=O)(O)O,vLess-DILI-concern,1
Candesartan cilexetil,CCOc1nc2cccc(C(=O)OC(C)OC(=O)OC3CCCCC3)c2n1Cc1ccc(-c2ccccc2-c2nn[nH]n2)cc1,vLess-DILI-concern,1
Fosinopril sodium,CCC(=O)OC(OP(=O)(CCCCc1ccccc1)CC(=O)N1CC(C2CCCCC2)CC1C(=O)O)C(C)C,vLess-DILI-concern,1
Fosfomycin tromethamine,NC(CO)(CO)CO,vLess-DILI-concern,1
Clotrimazole,Clc1ccccc1C(c1ccccc1)(c1ccccc1)n1ccnc1,vLess-DILI-concern,1
Fondaparinux sodium,COC1OC(COS(=O)(=O)O)C(OC2OC(C(=O)O)C(OC3OC(COS(=O)(=O)O)C(OC4OC(C(=O)O)C(OC5OC(COS(=O)(=O)O)C(O)C(O)C5NS(=O)(=O)O)C(O)C4O)C(OS(=O)(=O)O)C3NS(=O)(=O)O)C(O)C2OS(=O)(=O)O)C(O)C1NS(=O)(=O)O,vLess-DILI-concern,1
Bupropion hydrochloride,CC(NC(C)(C)C)C(=O)c1cccc(Cl)c1,vLess-DILI-concern,1
Fluvastatin sodium,CC(C)n1c(C=CC(O)CC(O)CC(=O)O)c(-c2ccc(F)cc2)c2ccccc21,vLess-DILI-concern,1
Flurbiprofen sodium,CC(C(=O)O)c1ccc(-c2ccccc2)c(F)c1,vLess-DILI-concern,1
Flurazepam hydrochloride,CCN(CC)CCN1C(=O)CN=C(c2ccccc2F)c2cc(Cl)ccc21,vLess-DILI-concern,1
Fluoxetine hydrochloride,CNCCC(Oc1ccc(C(F)(F)F)cc1)c1ccccc1,vLess-DILI-concern,1
Canagliflozin,Cc1ccc(C2OC(CO)C(O)C(O)C2O)cc1Cc1ccc(-c2ccc(F)cc2)s1,vLess-DILI-concern,1
Fluorouracil,O=c1[nH]cc(F)c(=O)[nH]1,vLess-DILI-concern,1
Cefixime,C=CC1=C(C(=O)O)N2C(=O)C(NC(=O)C(=NOCC(=O)O)c3csc(N)n3)C2SC1,vLess-DILI-concern,1
Cefotaxime sodium,CON=C(C(=O)NC1C(=O)N2C(C(=O)O)=C(COC(C)=O)CSC12)c1csc(N)n1,vLess-DILI-concern,1
Baclofen,NCC(CC(=O)O)c1ccc(Cl)cc1,vLess-DILI-concern,1
Daptomycin,CCCCCCCCCC(=O)NC(Cc1c[nH]c2ccccc12)C(=O)NC(CC(N)=O)C(=O)NC(CC(=O)O)C(=O)NC1C(=O)NCC(=O)NC(CCCN)C(=O)NC(CC(=O)O)C(=O)NC(C)C(=O)NC(CC(=O)O)C(=O)NCC(=O)NC(CO)C(=O)NC(C(C)CC(=O)O)C(=O)NC(CC(=O)c2ccccc2N)C(=O)OC1C,vLess-DILI-concern,1
Dexlansoprazole,Cc1c(OCC(F)(F)F)ccnc1CS(=O)c1nc2ccccc2[nH]1,vLess-DILI-concern,1
Desvenlafaxine succinate,CN(C)CC(c1ccc(O)cc1)C1(O)CCCCC1,vLess-DILI-concern,1
Desloratadine,Clc1ccc2c(c1)CCc1cccnc1C2=C1CCNCC1,vLess-DILI-concern,1
Cimetidine,CN=C(NC#N)NCCSCc1nc[nH]c1C,vLess-DILI-concern,1
Cladribine,Nc1nc(Cl)nc2c1ncn2C1CC(O)C(CO)O1,vLess-DILI-concern,1
Deferoxamine mesylate,CC(=O)N(O)CCCCCNC(=O)CCC(=O)N(O)CCCCCNC(=O)CCC(=O)N(O)CCCCCN,vLess-DILI-concern,1
Clindamycin hydrochloride,CCCC1CC(C(=O)NC(C(C)Cl)C2OC(SC)C(O)C(O)C2O)N(C)C1,vLess-DILI-concern,1
Clindamycin phosphate,CCCC1CC(C(=O)NC(C(C)Cl)C2OC(SC)C(OP(=O)(O)O)C(O)C2O)N(C)C1,vLess-DILI-concern,1
Dasatinib,Cc1nc(Nc2ncc(C(=O)Nc3c(C)cccc3Cl)s2)cc(N2CCN(CCO)CC2)n1,vLess-DILI-concern,1
Dapsone,Nc1ccc(S(=O)(=O)c2ccc(N)cc2)cc1,vLess-DILI-concern,1
Diazepam,CN1C(=O)CN=C(c2ccccc2)c2cc(Cl)ccc21,vLess-DILI-concern,1
Dacomitinib,COc1cc2ncnc(Nc3ccc(F)c(Cl)c3)c2cc1NC(=O)C=CCN1CCCCC1,vLess-DILI-concern,1
Dabigatran etexilate mesylate,CCCCCCOC(=O)NC(=N)c1ccc(NCc2nc3cc(C(=O)N(CCC(=O)OCC)c4ccccn4)ccc3n2C)cc1,vLess-DILI-concern,1
Cyproheptadine hydrochloride,CN1CCC(=C2c3ccccc3C=Cc3ccccc32)CC1,vLess-DILI-concern,1
Clofibrate,CCOC(=O)C(C)(C)Oc1ccc(Cl)cc1,vLess-DILI-concern,1
Cyclophosphamide,O=P1(N(CCCl)CCCl)NCCCO1,vLess-DILI-concern,1
Cyclobenzaprine hydrochloride,CN(C)CCC=C1c2ccccc2C=Cc2ccccc21,vLess-DILI-concern,1
Clomiphene citrate,CCN(CC)CCOc1ccc(C(=C(Cl)c2ccccc2)c2ccccc2)cc1,vLess-DILI-concern,1
Cromoglicate,O=C(O)c1cc(=O)c2c(OCC(O)COc3cccc4oc(C(=O)O)cc(=O)c34)cccc2o1,vLess-DILI-concern,1
Clonazepam,O=C1CN=C(c2ccccc2Cl)c2cc([N+](=O)[O-])ccc2N1,vLess-DILI-concern,1
Colestipol hydrochloride,NCCNCCNCCNCCN,vLess-DILI-concern,1
Clopidogrel bisulfate,COC(=O)C(c1ccccc1Cl)N1CCc2sccc2C1,vLess-DILI-concern,1
Dicloxacillin sodium,Cc1onc(-c2c(Cl)cccc2Cl)c1C(=O)NC1C(=O)N2C1SC(C)(C)C2C(=O)O,vLess-DILI-concern,1
Eplerenone,COC(=O)C1CC2=CC(=O)CCC2(C)C23OC2CC2(C)C(CCC24CCC(=O)O4)C13,vLess-DILI-concern,1
Chlorcyclizine hydrochloride,CN1CCN(C(c2ccccc2)c2ccc(Cl)cc2)CC1,vLess-DILI-concern,1
Cefprozil,CC=CC1=C(C(=O)O)N2C(=O)C(NC(=O)C(N)c3ccc(O)cc3)C2SC1,vLess-DILI-concern,1
Ceftaroline fosamil,CCON=C(C(=O)NC1C(=O)N2C(C(=O)[O-])=C(Sc3nc(-c4cc[n+](C)cc4)cs3)CSC12)c1nsc(NP(=O)(O)O)n1,vLess-DILI-concern,1
Ceftazidime,CC(C)(ON=C(C(=O)NC1C(=O)N2C(C(=O)[O-])=C(C[n+]3ccccc3)CSC12)c1csc(N)n1)C(=O)O,vLess-DILI-concern,1
Entacapone,CCN(CC)C(=O)C(C#N)=Cc1cc(O)c(O)c([N+](=O)[O-])c1,vLess-DILI-concern,1
Ceftriaxone sodium,CON=C(C(=O)NC1C(=O)N2C(C(=O)O)=C(CSc3nc(=O)c(=O)[nH]n3C)CSC12)c1csc(N)n1,vLess-DILI-concern,1
Cefuroxime sodium,CON=C(C(=O)NC1C(=O)N2C(C(=O)O)=C(COC(N)=O)CSC12)c1ccco1,vLess-DILI-concern,1
Celecoxib,Cc1ccc(-c2cc(C(F)(F)F)nn2-c2ccc(S(N)(=O)=O)cc2)cc1,vLess-DILI-concern,1
Enalapril maleate,CCOC(=O)C(CCc1ccccc1)NC(C)C(=O)N1CCCC1C(=O)O,vLess-DILI-concern,1
Cephalexin,CC1=C(C(=O)O)N2C(=O)C(NC(=O)C(N)c3ccccc3)C2SC1,vLess-DILI-concern,1
Cetirizine hydrochloride,O=C(O)COCCN1CCN(C(c2ccccc2)c2ccc(Cl)cc2)CC1,vLess-DILI-concern,1
Chlorambucil,O=C(O)CCCc1ccc(N(CCCl)CCCl)cc1,vLess-DILI-concern,1
Chlordiazepoxide hydrochloride,CN=C1CN(O)C(c2ccccc2)=c2cc(Cl)ccc2=N1,vLess-DILI-concern,1
Disopyramide phosphate,CC(C)N(CCC(C(N)=O)(c1ccccc1)c1ccccn1)C(C)C,vLess-DILI-concern,1
Doxycycline,CC1c2cccc(O)c2C(O)=C2C(=O)C3(O)C(O)=C(C(N)=O)C(=O)C(N(C)C)C3C(O)C21,vLess-DILI-concern,1
Doxorubicin hydrochloride,COc1cccc2c1C(=O)c1c(O)c3c(c(O)c1C2=O)CC(O)(C(=O)CO)CC3OC1CC(N)C(O)C(C)O1,vLess-DILI-concern,1
Chloroquine phosphate,CCN(CC)CCCC(C)Nc1ccnc2cc(Cl)ccc12,vLess-DILI-concern,1
Doxepin hydrochloride,CN(C)CCC=C1c2ccccc2COc2ccccc21,vLess-DILI-concern,1
Doxazosin mesylate,COc1cc2nc(N3CCN(C(=O)C4COc5ccccc5O4)CC3)nc(N)c2cc1OC,vLess-DILI-concern,1
Chlorothiazide,NS(=O)(=O)c1cc2c(cc1Cl)NC=NS2(=O)=O,vLess-DILI-concern,1
Chlorpromazine hydrochloride,CN(C)CCCN1c2ccccc2Sc2ccc(Cl)cc21,vLess-DILI-concern,1
Donepezil hydrochloride,COc1cc2c(cc1OC)C(=O)C(CC1CCN(Cc3ccccc3)CC1)C2,vLess-DILI-concern,1
Chlorpropamide,CCCNC(=O)NS(=O)(=O)c1ccc(Cl)cc1,vLess-DILI-concern,1
Dofetilide,CN(CCOc1ccc(NS(C)(=O)=O)cc1)CCc1ccc(NS(C)(=O)=O)cc1,vLess-DILI-concern,1
Docetaxel,CC(=O)OC12COC1CC(O)C1(C)C(=O)C(O)C3=C(C)C(OC(=O)C(O)C(NC(=O)OC(C)(C)C)c4ccccc4)CC(O)(C(OC(=O)c4ccccc4)C21)C3(C)C,vLess-DILI-concern,1
Hydrochlorothiazide,NS(=O)(=O)c1cc2c(cc1Cl)NCNS2(=O)=O,vLess-DILI-concern,1
Bromocriptine mesylate,CC(C)CC1C(=O)N2CCCC2C2(O)OC(NC(=O)C3C=C4c5cccc6[nH]c(Br)c(c56)CC4N(C)C3)(C(C)C)C(=O)N12,vLess-DILI-concern,1
Cloxacillin sodium,Cc1onc(-c2ccccc2Cl)c1C(=O)NC1C(=O)N2C1SC(C)(C)C2C(=O)O,vLess-DILI-concern,1
Ketorolac tromethamine,O=C(c1ccccc1)c1ccc2n1CCC2C(=O)O,vLess-DILI-concern,1
Ketamine hydrochloride,CNC1(c2ccccc2Cl)CCCCC1=O,vLess-DILI-concern,1
Linagliptin,CC#CCn1c(N2CCCC(N)C2)nc2c1c(=O)n(Cc1nc(C)c3ccccc3n1)c(=O)n2C,vLess-DILI-concern,1
Aripiprazole lauroxil,CCCCCCCCCCCC(=O)OCN1C(=O)CCc2ccc(OCCCCN3CCN(c4cccc(Cl)c4Cl)CC3)cc21,vLess-DILI-concern,1
Linezolid,CC(=O)NCC1CN(c2ccc(N3CCOCC3)c(F)c2)C(=O)O1,vLess-DILI-concern,1
Liraglutide,CCCCCCCCCCCCCCCC(=O)NC(CCC(=O)NCCCCC(NC(=O)C(C)NC(=O)C(C)NC(=O)C(CCC(N)=O)NC(=O)CNC(=O)C(CCC(=O)O)NC(=O)C(CC(C)C)NC(=O)C(Cc1ccc(O)cc1)NC(=O)C(CO)NC(=O)C(CO)NC(=O)C(NC(=O)C(CC(=O)O)NC(=O)C(CO)NC(=O)C(NC(=O)C(Cc1ccccc1)NC(=O)C(NC(=O)CNC(=O)C(CCC(=O)O)NC(=O)C(C)NC(=O)C(N)Cc1cnc[nH]1)C(C)O)C(C)O)C(C)C)C(=O)NC(CCC(=O)O)C(=O)NC(Cc1ccccc1)C(=O)NC(C(=O)NC(C)C(=O)NC(Cc1c[nH]c2ccccc12)C(=O)NC(CC(C)C)C(=O)NC(C(=O)NC(CCCNC(=N)N)C(=O)NCC(=O)NC(CCCNC(=N)N)C(=O)NCC(=O)O)C(C)C)C(C)CC)C(=O)O,vLess-DILI-concern,1
Lisinopril,NCCCCC(NC(CCc1ccccc1)C(=O)O)C(=O)N1CCCC1C(=O)O,vLess-DILI-concern,1
Ivacaftor,CC(C)(C)c1cc(C(C)(C)C)c(NC(=O)c2c[nH]c3ccccc3c2=O)cc1O,vLess-DILI-concern,1
Isradipine,COC(=O)C1=C(C)NC(C)=C(C(=O)OC(C)C)C1c1cccc2nonc12,vLess-DILI-concern,1
Lomustine,O=NN(CCCl)C(=O)NC1CCCCC1,vLess-DILI-concern,1
Aspirin,CC(=O)Oc1ccccc1C(=O)O,vLess-DILI-concern,1
Atazanavir sulfate,COC(=O)NC(C(=O)NC(Cc1ccccc1)C(O)CN(Cc1ccc(-c2ccccn2)cc1)NC(=O)C(NC(=O)OC)C(C)(C)C)C(C)(C)C,vLess-DILI-concern,1
Alprazolam,Cc1nnc2n1-c1ccc(Cl)cc1C(c1ccccc1)=NC2,vLess-DILI-concern,1
Atenolol,CC(C)NCC(O)COc1ccc(CC(N)=O)cc1,vLess-DILI-concern,1
Loracarbef,NC(C(=O)NC1C(=O)N2C(C(=O)O)=C(Cl)CCC12)c1ccccc1,vLess-DILI-concern,1
Irbesartan,CCCCC1=NC2(CCCC2)C(=O)N1Cc1ccc(-c2ccccc2-c2nn[nH]n2)cc1,vLess-DILI-concern,1
Lorazepam,O=C1Nc2ccc(Cl)cc2C(c2ccccc2Cl)=NC1O,vLess-DILI-concern,1
Alpelisib,Cc1nc(NC(=O)N2CCCC2C(N)=O)sc1-c1ccnc(C(C)(C)C(F)(F)F)c1,vLess-DILI-concern,1
Ketoprofen,CC(C(=O)O)c1cccc(C(=O)c2ccccc2)c1,vLess-DILI-concern,1
Amiloride hydrochloride,NC(N)=NC(=O)c1nc(Cl)c(N)nc1N,vLess-DILI-concern,1
Lovastatin,CCC(C)C(=O)OC1CC(C)C=C2C=CC(C)C(CCC3CC(O)CC(=O)O3)C21,vLess-DILI-concern,1
Levothyroxine sodium,NC(Cc1cc(I)c(Oc2cc(I)c(O)c(I)c2)c(I)c1)C(=O)O,vLess-DILI-concern,1
Letermovir,COc1cccc(N2CCN(C3=Nc4c(F)cccc4C(CC(=O)O)N3c3cc(C(F)(F)F)ccc3OC)CC2)c1,vLess-DILI-concern,1
Amoxicillin,CC1(C)SC2C(NC(=O)C(N)c3ccc(O)cc3)C(=O)N2C1C(=O)O,vLess-DILI-concern,1
Leuprolide acetate,CCNC(=O)C1CCCN1C(=O)C(CCCN=C(N)N)NC(=O)C(CC(C)C)NC(=O)C(CC(C)C)NC(=O)C(Cc1ccc(O)cc1)NC(=O)C(CO)NC(=O)C(Cc1c[nH]c2ccccc12)NC(=O)C(Cc1cnc[nH]1)NC(=O)C1CCC(=O)N1,vLess-DILI-concern,1
Lenalidomide,Nc1cccc2c1CN(C1CCC(=O)NC1=O)C2=O,vLess-DILI-concern,1
Amphotericin B,CC1C=CC=CC=CC=CC=CC=CC=CC(OC2OC(C)C(O)C(N)C2O)CC2OC(O)(CC(O)CC(O)C(O)CCC(O)CC(O)CC(=O)OC(C)C(C)C1O)CC(O)C2C(=O)O,vLess-DILI-concern,1
Ampicillin sodium,CC1(C)SC2C(NC(=O)C(N)c3ccccc3)C(=O)N2C1C(=O)O,vLess-DILI-concern,1
Amlodipine besylate,CCOC(=O)C1=C(COCCN)NC(C)=C(C(=O)OC)C1c1ccccc1Cl,vLess-DILI-concern,1
Anastrozole,CC(C)(C#N)c1cc(Cn2cncn2)cc(C(C)(C)C#N)c1,vLess-DILI-concern,1
Amitriptyline hydrochloride,CN(C)CCC=C1c2ccccc2CCc2ccccc21,vLess-DILI-concern,1
Amisulpride,CCN1CCCC1CNC(=O)c1cc(S(=O)(=O)CC)c(N)cc1OC,vLess-DILI-concern,1
Apixaban,COc1ccc(-n2nc(C(N)=O)c3c2C(=O)N(c2ccc(N4CCCCC4=O)cc2)CC3)cc1,vLess-DILI-concern,1
Lamivudine,Nc1ccn(C2CSC(CO)O2)c(=O)n1,vLess-DILI-concern,1
Levetiracetam,CCC(C(N)=O)N1CCCC1=O,vLess-DILI-concern,1
Aripiprazole,O=C1CCc2ccc(OCCCCN3CCN(c4cccc(Cl)c4Cl)CC3)cc2N1,vLess-DILI-concern,1
Losartan potassium,CCCCc1nc(Cl)c(CO)n1Cc1ccc(-c2ccccc2-c2nnn[nH]2)cc1,vLess-DILI-concern,1
Irinotecan hydrochloride,CCc1c2c(nc3ccc(OC(=O)N4CCC(N5CCCCC5)CC4)cc13)-c1cc3c(c(=O)n1C2)COC(=O)C3(O)CC,vLess-DILI-concern,1
Auranofin,CC(=O)OCC1OC(S)C(OC(C)=O)C(OC(C)=O)C1OC(C)=O,vLess-DILI-concern,1
Mefloquine hydrochloride,OC(c1cc(C(F)(F)F)nc2c(C(F)(F)F)cccc12)C1CCCCN1,vLess-DILI-concern,1
Mebendazole,COC(=O)Nc1nc2ccc(C(=O)c3ccccc3)cc2[nH]1,vLess-DILI-concern,1
Adefovir dipivoxil,CC(C)(C)C(=O)OCOP(=O)(COCCn1cnc2c(N)ncnc21)OCOC(=O)C(C)(C)C,vLess-DILI-concern,1
Acyclovir,Nc1nc2c(ncn2COCCO)c(=O)[nH]1,vLess-DILI-concern,1
Ibuprofen,CC(C)Cc1ccc(C(C)C(=O)O)cc1,vLess-DILI-concern,1
Acebutolol hydrochloride,CCCC(=O)Nc1ccc(OCC(O)CNC(C)C)c(C(C)=O)c1,vLess-DILI-concern,1
Acamprosate calcium,CC(=O)NCCCS(=O)(=O)O,vLess-DILI-concern,1
Abemaciclib,CCN1CCN(Cc2ccc(Nc3ncc(F)c(-c4cc(F)c5nc(C)n(C(C)C)c5c4)n3)nc2)CC1,vLess-DILI-concern,1
Alfuzosin hydrochloride,COc1cc2nc(N(C)CCCNC(=O)C3CCCO3)nc(N)c2cc1OC,vLess-DILI-concern,1
Meloxicam,Cc1cnc(NC(=O)C2=C(O)c3ccccc3S(=O)(=O)N2C)s1,vLess-DILI-concern,1
Melphalan,NC(Cc1ccc(N(CCCl)CCCl)cc1)C(=O)O,vLess-DILI-concern,1
Ibandronate sodium,CCCCCN(C)CCC(O)(P(=O)(O)O)P(=O)(O)O,vLess-DILI-concern,1
Azithromycin,CCC1OC(=O)C(C)C(OC2CC(C)(OC)C(O)C(C)O2)C(C)C(OC2OC(C)CC(N(C)C)C2O)C(C)(O)CC(C)CN(C)C(C)C(O)C1(C)O,vLess-DILI-concern,1
Hydroxychloroquine sulfate,CCN(CCO)CCCC(C)Nc1ccnc2cc(Cl)ccc12,vLess-DILI-concern,1
Memantine hydrochloride,CC12CC3CC(C)(C1)CC(N)(C3)C2,vLess-DILI-concern,1
Alendronate sodium,NCCCC(O)(P(=O)(O)O)P(=O)(O)O,vLess-DILI-concern,1
Aceclofenac,O=C(O)COC(=O)Cc1ccccc1Nc1c(Cl)cccc1Cl,vLess-DILI-concern,1
Letrozole,N#Cc1ccc(C(c2ccc(C#N)cc2)n2cncn2)cc1,vLess-DILI-concern,1
Ifosfamide,O=P1(NCCCl)OCCCN1CCCl,vLess-DILI-concern,1
Imipramine hydrochloride,CN(C)CCCN1c2ccccc2CCc2ccccc21,vLess-DILI-concern,1
Alosetron hydrochloride,Cc1[nH]cnc1CN1CCc2c(c3ccccc3n2C)C1=O,vLess-DILI-concern,1
Aliskiren hemifumarate,COCCCOc1cc(CC(CC(N)C(O)CC(C(=O)NCC(C)(C)C(N)=O)C(C)C)C(C)C)ccc1OC,vLess-DILI-concern,1
